provincia;municipio;estacion;magnitud;punto_muestreo;ano;mes;dia;h01;v01;h02;v02;h03;v03;h04;v04;h05;v05;h06;v06;h07;v07;h08;v08;h09;v09;h10;v10;h11;v11;h12;v12;h13;v13;h14;v14;h15;v15;h16;v16;h17;v17;h18;v18;h19;v19;h20;v20;h21;v21;h22;v22;h23;v23;h24;v24
28;102;1;81;28102001_81_89;2026;07;01;4,6;V;4,2;V;3,3;V;3,4;V;2,8;V;2;V;1,8;V;1,9;V;2,1;V;1,9;V;2;V;2,6;V;2,8;V;3,2;V;3,9;V;3;V;2,5;V;4;V;4,6;V;6,2;V;6,8;V;6,5;V;6,2;V;7,2;V
28;102;1;82;28102001_82_89;2026;07;01;54;V;72;V;74;V;73;V;61;V;61;V;65;V;75;V;85;V;75;V;82;V;56;V;66;V;72;V;77;V;77;V;76;V;58;V;59;V;61;V;56;V;62;V;62;V;64;V
28;102;1;83;28102001_83_89;2026;07;01;25,4;V;25;V;24,1;V;23,5;V;22,4;V;22,2;V;23,6;V;25,4;V;27,5;V;29,4;V;31,3;V;32,8;V;33,6;V;34,2;V;34,4;V;34,6;V;34,5;V;33,5;V;32;V;29,9;V;26,6;V;24,5;V;23;V;21,4;V
28;102;1;86;28102001_86_89;2026;07;01;45;V;47;V;49;V;51;V;55;V;56;V;52;V;46;V;40;V;35;V;30;V;24;V;22;V;19;V;20;V;20;V;22;V;24;V;26;V;29;V;28;V;31;V;32;V;34;V
28;102;1;87;28102001_87_89;2026;07;01;929;V;929;V;929;V;929;V;929;V;929;V;929;V;930;V;929;V;929;V;929;V;929;V;928;V;928;V;927;V;927;V;927;V;926;V;927;V;927;V;928;V;929;V;929;V;930;V
28;102;1;88;28102001_88_89;2026;07;01;2;V;2;V;2;V;2;V;4;V;39;V;197;V;381;V;554;V;703;V;814;V;888;V;905;V;870;V;779;V;653;V;460;V;306;V;76;V;24;V;2;V;2;V;2;V;2;V
28;102;1;89;28102001_89_89;2026;07;01;0;V;0;V;0;V;0;V;0;V;0;V;0;V;0;V;0;V;0;V;0;V;0;V;0;V;0;V;0;V;0;V;0;V;0;V;0;V;0;V;0;V;0;V;0;V;0;V
28;106;1;81;28106001_81_89;2026;07;01;3,2;V;3,5;V;2,8;V;2,6;V;1,5;V;1,6;V;2,2;V;2,4;V;1,6;V;1,8;V;1,2;V;1;V;1,4;V;1,4;V;2,1;V;2,7;V;2,8;V;2,5;V;2,8;V;4,4;V;3,9;V;3,3;V;3,5;V;3,3;V
28;106;1;82;28106001_82_89;2026;07;01;29;V;31;V;34;V;31;V;30;V;33;V;36;V;37;V;42;V;16;V;27;V;14;V;353;V;302;V;334;V;307;V;282;V;285;V;331;V;38;V;40;V;43;V;39;V;41;V
28;106;1;83;28106001_83_89;2026;07;01;29,3;V;28;V;26,9;V;26;V;24,9;V;24,6;V;25,2;V;26,3;V;28,6;V;30,7;V;33,6;V;35,8;V;37;V;38,2;V;38,8;V;39,3;V;39,2;V;38,6;V;37,5;V;35,1;V;31,8;V;29,4;V;27,4;V;25,3;V
28;106;1;86;28106001_86_89;2026;07;01;40;V;44;V;47;V;48;V;51;V;52;V;51;V;48;V;41;V;36;V;30;V;22;V;21;V;19;V;19;V;16;V;14;V;15;V;19;V;22;V;24;V;26;V;28;V;32;V
28;106;1;87;28106001_87_89;2026;07;01;944;V;944;V;944;V;944;V;944;V;945;V;945;V;945;V;945;V;945;V;944;V;944;V;944;V;943;V;942;V;942;V;942;V;942;V;942;V;942;V;943;V;944;V;945;V;945;V
28;106;1;88;28106001_88_89;2026;07;01;1;V;1;V;1;V;1;V;1;V;18;V;35;V;47;V;451;V;723;V;850;V;928;V;942;V;908;V;789;V;690;V;535;V;354;V;166;V;24;V;1;V;1;V;1;V;1;V
28;106;1;89;28106001_89_89;2026;07;01;0;V;0;V;0;V;0;V;0;V;0;V;0;V;0;V;0;V;0;V;0;V;0;V;0;V;0;V;0;V;0;V;0;V;0;V;0;V;0;V;0;V;0;V;0;V;0;V
28;115;3;81;28115003_81_89;2026;07;01;0,2;V;0,2;V;0,2;V;0,2;V;0,2;V;0,2;V;0,3;V;0,4;V;0,4;V;0,4;V;0,4;V;0,3;V;0,5;V;0,5;V;0,4;V;0,6;V;0,6;V;0,3;V;0,3;V;0,6;V;0,7;V;0,5;V;1;V;0,8;V
28;115;3;82;28115003_82_89;2026;07;01;16;V;30;V;26;V;31;V;19;V;29;V;23;V;33;V;56;V;61;V;55;V;71;V;137;V;39;V;317;V;280;V;288;V;348;V;348;V;46;V;44;V;43;V;62;V;60;V
28;115;3;83;28115003_83_89;2026;07;01;25,1;V;24,3;V;23,7;V;23,3;V;22,6;V;21,9;V;22,9;V;25,4;V;27,3;V;29,1;V;31,3;V;33,5;V;34,6;V;35,2;V;35,3;V;35,5;V;34,6;V;33,9;V;32,7;V;30,9;V;28,4;V;26,3;V;24,5;V;22,8;V
28;115;3;86;28115003_86_89;2026;07;01;51;V;54;V;55;V;56;V;58;V;62;V;59;V;51;V;46;V;41;V;36;V;28;V;27;V;25;V;24;V;20;V;23;V;26;V;27;V;26;V;28;V;30;V;32;V;36;V
28;115;3;87;28115003_87_89;2026;07;01;945;V;945;V;945;V;945;V;945;V;945;V;945;V;945;V;945;V;945;V;945;V;944;V;944;V;943;V;942;V;942;V;942;V;942;V;942;V;943;V;944;V;945;V;945;V;946;V
28;115;3;88;28115003_88_89;2026;07;01;1;V;1;V;1;V;1;V;1;V;26;V;125;V;324;V;467;V;773;V;806;V;937;V;899;V;852;V;757;V;637;V;81;V;48;V;33;V;14;V;1;V;1;V;1;V;1;V
28;115;3;89;28115003_89_89;2026;07;01;0;V;0;V;0;V;0;V;0;V;0;V;0;V;0;V;0;V;0;V;0;V;0;V;0;V;0;V;0;V;0;V;0;V;0;V;0;V;0;V;0;V;0;V;0;V;0;V
28;120;1;81;28120001_81_89;2026;07;01;1;V;1,5;V;1,7;V;1,5;V;1,1;V;0,9;V;1,1;V;1,2;V;1,7;V;2,3;V;2,5;V;2,3;V;2,3;V;2,8;V;2,3;V;1,9;V;2;V;2;V;1,3;V;1,3;V;1,7;V;1,7;V;1,3;V;1,2;V
28;120;1;82;28120001_82_89;2026;07;01;319;V;11;V;46;V;49;V;1;V;310;V;316;V;143;V;216;V;199;V;195;V;196;V;218;V;236;V;211;V;199;V;223;V;191;V;230;V;181;V;150;V;253;V;275;V;58;V
28;120;1;83;28120001_83_89;2026;07;01;16,9;V;16,7;V;16,3;V;16,3;V;16,3;V;16,2;V;17,3;V;20,4;V;20,9;V;21,5;V;21,1;V;21,8;V;22,3;V;22,9;V;23,2;V;23,1;V;22,5;V;21;V;18,8;V;16,8;V;14,9;V;14,4;V;14,4;V;15;V
28;120;1;86;28120001_86_89;2026;07;01;48;V;47;V;49;V;50;V;50;V;50;V;50;V;41;V;43;V;43;V;50;V;47;V;46;V;46;V;45;V;44;V;42;V;42;V;44;V;47;V;54;V;55;V;54;V;50;V
28;120;1;87;28120001_87_89;2026;07;01;821;V;821;V;821;V;821;V;821;V;821;V;821;V;821;V;821;V;821;V;822;V;822;V;821;V;821;V;821;V;821;V;821;V;821;V;821;V;821;V;821;V;821;V;821;V;821;V
28;120;1;88;28120001_88_89;2026;07;01;1;V;1;V;1;V;1;V;2;V;24;V;264;V;617;V;860;V;1045;V;1180;V;1254;V;1269;V;1212;V;1087;V;909;V;691;V;438;V;36;V;13;V;1;V;1;V;1;V;1;V
28;120;1;89;28120001_89_89;2026;07;01;0;V;0;V;0;V;0;V;0;V;0;V;0;V;0;V;0;V;0;V;0;V;0;V;0;V;0;V;0;V;0;V;0;V;0;V;0;V;0;V;0;V;0;V;0;V;0;V
28;123;2;81;28123002_81_89;2026;07;01;2,9;V;2,6;V;2,1;V;2,4;V;2;V;2,3;V;2,4;V;2,4;V;2;V;1,3;V;1,6;V;1,5;V;1,5;V;1,7;V;1,7;V;2,2;V;2,2;V;2,6;V;3,1;V;4;V;3,5;V;3,6;V;3,3;V;3,1;V
28;123;2;82;28123002_82_89;2026;07;01;53;V;60;V;80;V;50;V;54;V;72;V;69;V;79;V;72;V;86;V;78;V;102;V;140;V;227;V;236;V;90;V;76;V;74;V;75;V;58;V;53;V;56;V;56;V;56;V
28;123;2;83;28123002_83_89;2026;07;01;24,1;V;22,8;V;21,7;V;20,9;V;19,7;V;19,7;V;20,7;V;22,8;V;25,5;V;29,5;V;31,9;V;34,1;V;35,8;V;36,5;V;37,2;V;36,9;V;36,3;V;35,1;V;33,5;V;29,8;V;26,8;V;24,3;V;22,2;V;20,3;V
28;123;2;86;28123002_86_89;2026;07;01;41;V;44;V;46;V;49;V;53;V;52;V;49;V;44;V;37;V;29;V;25;V;19;V;16;V;15;V;14;V;15;V;16;V;17;V;18;V;21;V;22;V;25;V;29;V;32;V
28;123;2;87;28123002_87_89;2026;07;01;951;V;951;V;951;V;951;V;951;V;951;V;952;V;952;V;952;V;951;V;951;V;951;V;950;V;950;V;949;V;948;V;948;V;948;V;948;V;949;V;950;V;951;V;952;V;952;V
28;123;2;88;28123002_88_89;2026;07;01;14;V;14;V;14;V;14;V;14;V;69;V;242;V;350;V;619;V;787;V;910;V;982;V;996;V;959;V;866;V;705;V;561;V;363;V;200;V;40;V;13;V;13;V;13;V;13;V
28;123;2;89;28123002_89_89;2026;07;01;0;V;0;V;0;V;0;V;0;V;0;V;0;V;0;V;0;V;0;V;0;V;0;V;0;V;0;V;0;V;0;V;0;V;0;V;0;V;0;V;0;V;0;V;0;V;0;V
28;127;4;81;28127004_81_89;2026;07;01;1,5;V;1,2;V;1;V;1;V;1,2;V;0,9;V;0,9;V;1,1;V;0,9;V;0,9;V;0,7;V;0,9;V;1,1;V;2,2;V;2,8;V;2,8;V;3,1;V;3,1;V;2;V;1,4;V;1,5;V;1;V;1,2;V;1,2;V
28;127;4;82;28127004_82_89;2026;07;01;67;V;71;V;65;V;61;V;64;V;62;V;66;V;79;V;65;V;60;V;75;V;173;V;242;V;291;V;281;V;277;V;284;V;286;V;299;V;57;V;74;V;76;V;98;V;88;V
28;127;4;83;28127004_83_89;2026;07;01;25,4;V;24,7;V;24,3;V;23,7;V;22,9;V;22,4;V;23,5;V;25;V;27;V;28,7;V;31,1;V;32,7;V;33,8;V;35;V;35,3;V;35,2;V;34,7;V;34;V;33;V;31,3;V;28,4;V;25,9;V;24;V;22,3;V
28;127;4;86;28127004_86_89;2026;07;01;44;V;46;V;47;V;48;V;50;V;52;V;49;V;45;V;40;V;36;V;30;V;24;V;23;V;17;V;15;V;17;V;18;V;18;V;19;V;21;V;23;V;27;V;28;V;32;V
28;127;4;87;28127004_87_89;2026;07;01;938;V;937;V;937;V;937;V;937;V;938;V;938;V;938;V;938;V;938;V;938;V;937;V;937;V;936;V;936;V;935;V;935;V;935;V;935;V;936;V;937;V;938;V;938;V;939;V
28;127;4;88;28127004_88_89;2026;07;01;1;V;1;V;1;V;1;V;2;V;22;V;207;V;410;V;589;V;738;V;842;V;900;V;912;V;887;V;812;V;696;V;532;V;346;V;174;V;43;V;1;V;1;V;1;V;1;V
28;127;4;89;28127004_89_89;2026;07;01;0;V;0;V;0;V;0;V;0;V;0;V;0;V;0;V;0;V;0;V;0;V;0;V;0;V;0;V;0;V;0;V;0;V;0;V;0;V;0;V;0;V;0;V;0;V;0;V
28;13;2;81;28013002_81_89;2026;07;01;0,5;V;0,7;V;0,6;V;0,5;V;0,4;V;0,4;V;0,7;V;1,2;V;1;V;1;V;1,2;V;1;V;1,3;V;1,5;V;1,9;V;1,4;V;1,8;V;1,7;V;2;V;2,1;V;2,7;V;2,5;V;2,5;V;2,2;V
28;13;2;82;28013002_82_89;2026;07;01;66;V;75;V;66;V;63;V;38;V;55;V;59;V;60;V;69;V;14;V;309;V;204;V;334;V;213;V;321;V;94;V;110;V;290;V;84;V;97;V;73;V;79;V;60;V;56;V
28;13;2;83;28013002_83_89;2026;07;01;26,4;V;25,3;V;25,1;V;23,9;V;22,4;V;22,4;V;24,8;V;26,8;V;29;V;31;V;32,8;V;35;V;36,7;V;37,5;V;38,2;V;39;V;39;V;38,9;V;37,8;V;35,7;V;33;V;30,7;V;29;V;27,1;V
28;13;2;86;28013002_86_89;2026;07;01;41;V;43;V;45;V;50;V;54;V;56;V;52;V;50;V;45;V;42;V;38;V;32;V;26;V;25;V;23;V;22;V;23;V;22;V;26;V;29;V;31;V;30;V;31;V;32;V
28;13;2;87;28013002_87_89;2026;07;01;959;V;959;V;960;V;960;V;960;V;960;V;961;V;961;V;961;V;960;V;960;V;960;V;959;V;958;V;958;V;957;V;956;V;956;V;957;V;957;V;958;V;959;V;960;V;961;V
28;13;2;88;28013002_88_89;2026;07;01;0;V;0;V;0;V;0;V;0;V;26;V;144;V;373;V;572;V;753;V;895;V;987;V;1023;V;989;V;885;V;736;V;552;V;362;V;151;V;24;V;0;V;0;V;0;V;0;V
28;13;2;89;28013002_89_89;2026;07;01;0;V;0;V;0;V;0;V;0;V;0;V;0;V;0;V;0;V;0;V;0;V;0;V;0;V;0;V;0;V;0;V;0;V;0;V;0;V;0;V;0;V;0;V;0;V;0;V
28;133;2;81;28133002_81_89;2026;07;01;2,3;V;2,1;V;2,4;V;1,2;V;0,8;V;0,8;V;1,4;V;0,7;V;1;V;1,4;V;1,7;V;2,5;V;2,5;V;3;V;3,1;V;3,6;V;3,8;V;4;V;3,4;V;2,2;V;3;V;2,7;V;2,8;V;1,9;V
28;133;2;82;28133002_82_89;2026;07;01;305;V;294;V;286;V;243;V;179;V;300;V;286;V;201;V;157;V;256;V;261;V;271;V;281;V;286;V;279;V;297;V;303;V;303;V;301;V;289;V;275;V;292;V;293;V;284;V
28;133;2;83;28133002_83_89;2026;07;01;26,1;V;25,7;V;25;V;23,6;V;22,6;V;23,1;V;24,8;V;27,3;V;29;V;31,3;V;33,3;V;34;V;34,3;V;34,5;V;34,7;V;34,8;V;34,1;V;33,2;V;31,6;V;29,3;V;26,6;V;25,2;V;23,3;V;21,9;V
28;133;2;86;28133002_86_89;2026;07;01;38;V;38;V;40;V;44;V;46;V;44;V;43;V;37;V;35;V;28;V;24;V;21;V;23;V;23;V;24;V;22;V;23;V;23;V;23;V;25;V;27;V;31;V;39;V;44;V
28;133;2;87;28133002_87_89;2026;07;01;941;V;941;V;941;V;941;V;941;V;941;V;942;V;942;V;942;V;941;V;941;V;941;V;940;V;940;V;940;V;939;V;939;V;939;V;940;V;940;V;941;V;942;V;942;V;942;V
28;133;2;88;28133002_88_89;2026;07;01;4;V;4;V;4;V;5;V;5;V;70;V;246;V;436;V;625;V;786;V;902;V;967;V;973;V;921;V;818;V;677;V;501;V;264;V;129;V;24;V;4;V;4;V;4;V;4;V
28;133;2;89;28133002_89_89;2026;07;01;0;V;0;V;0;V;0;V;0;V;0;V;0;V;0;V;0;V;0;V;0;V;0;V;0;V;0;V;0;V;0;V;0;V;0;V;0;V;0;V;0;V;0;V;0;V;0;V
28;134;2;81;28134002_81_89;2026;07;01;0,3;V;0,2;V;0,2;V;0,2;V;0,1;V;0,2;V;0,3;V;0,4;V;0,6;V;0,8;V;0,7;V;0,9;V;1,5;V;1;V;0,8;V;0,8;V;0,7;V;0,8;V;0,6;V;1,1;V;0,7;V;0,8;V;1;V;0,8;V
28;134;2;82;28134002_82_89;2026;07;01;347;V;337;V;353;V;353;V;348;V;347;V;65;V;64;V;86;V;104;V;108;V;108;V;117;V;88;V;57;V;46;V;45;V;283;V;311;V;87;V;85;V;83;V;89;V;88;V
28;134;2;83;28134002_83_89;2026;07;01;23,3;V;22,6;V;21,7;V;21,2;V;20,1;V;20,3;V;22,6;V;25;V;26,6;V;28,4;V;30,4;V;32,5;V;33,2;V;34,6;V;35,1;V;35,2;V;34,7;V;33,7;V;32,5;V;29,4;V;26,1;V;24,3;V;22,4;V;20,8;V
28;134;2;86;28134002_86_89;2026;07;01;52;V;53;V;57;V;58;V;62;V;62;V;54;V;46;V;41;V;36;V;31;V;23;V;20;V;20;V;21;V;21;V;21;V;20;V;20;V;23;V;25;V;28;V;32;V;36;V
28;134;2;87;28134002_87_89;2026;07;01;942;V;942;V;942;V;942;V;942;V;943;V;943;V;944;V;943;V;943;V;943;V;942;V;942;V;941;V;941;V;940;V;940;V;940;V;941;V;941;V;942;V;943;V;944;V;944;V
28;134;2;88;28134002_88_89;2026;07;01;1;V;1;V;1;V;1;V;1;V;25;V;220;V;423;V;616;V;775;V;888;V;946;V;956;V;908;V;811;V;342;V;170;V;58;V;43;V;15;V;1;V;1;V;1;V;1;V
28;134;2;89;28134002_89_89;2026;07;01;0;V;0;V;0;V;0;V;0;V;0;V;0;V;0;V;0;V;0;V;0;V;0;V;0;V;0;V;0;V;0;V;0;V;0;V;0;V;0;V;0;V;0;V;0;V;0;V
28;14;2;81;28014002_81_89;2026;07;01;1,7;V;1,9;V;1,6;V;1,5;V;1;V;1,7;V;2,3;V;2,1;V;2,2;V;1,7;V;1,6;V;1,7;V;1,8;V;2,2;V;2,9;V;2,3;V;3,1;V;3,8;V;4,3;V;5,2;V;4,3;V;3,3;V;2,5;V;2,8;V
28;14;2;82;28014002_82_89;2026;07;01;208;V;240;V;184;V;139;V;206;V;153;V;223;V;278;V;294;V;293;V;282;V;219;V;283;V;301;V;276;V;294;V;10;V;261;V;237;V;100;V;75;V;59;V;96;V;113;V
28;14;2;83;28014002_83_89;2026;07;01;25,5;V;24,4;V;23,1;V;22;V;21,3;V;21,9;V;22,6;V;24,2;V;26,6;V;29;V;31,3;V;33,8;V;34,9;V;35,4;V;35,9;V;36,4;V;36,2;V;35,5;V;34,9;V;32,1;V;28,6;V;26,3;V;24,9;V;23,2;V
28;14;2;86;28014002_86_89;2026;07;01;40;V;47;V;51;V;54;V;55;V;54;V;52;V;47;V;40;V;35;V;29;V;22;V;18;V;17;V;17;V;17;V;19;V;20;V;20;V;23;V;24;V;25;V;28;V;30;V
28;14;2;87;28014002_87_89;2026;07;01;952;V;953;V;953;V;953;V;953;V;953;V;954;V;954;V;954;V;953;V;953;V;952;V;952;V;951;V;951;V;950;V;950;V;950;V;950;V;951;V;952;V;953;V;953;V;954;V
28;14;2;88;28014002_88_89;2026;07;01;1;V;1;V;1;V;1;V;1;V;30;V;201;V;407;V;608;V;788;V;926;V;1027;V;1058;V;989;V;869;V;722;V;546;V;320;V;133;V;23;V;1;V;1;V;1;V;1;V
28;14;2;89;28014002_89_89;2026;07;01;0;V;0;V;0;V;0;V;0;V;0;V;0;V;0;V;0;V;0;V;0;V;0;V;0;V;0;V;0;V;0;V;0;V;0;V;0;V;0;V;0;V;0;V;0;V;0;V
28;148;4;81;28148004_81_89;2026;07;01;2,8;V;2,9;V;2,8;V;2,6;V;2,3;V;2,4;V;2,5;V;2,6;V;1,8;V;1,5;V;1,5;V;1,4;V;1,4;V;1,6;V;2;V;2;V;2;V;2,3;V;2,9;V;4,9;V;4,3;V;4,3;V;4;V;3,2;V
28;148;4;82;28148004_82_89;2026;07;01;52;V;52;V;52;V;53;V;53;V;53;V;56;V;56;V;66;V;76;V;78;V;91;V;119;V;127;V;82;V;81;V;77;V;76;V;91;V;48;V;50;V;51;V;52;V;55;V
28;148;4;83;28148004_83_89;2026;07;01;27,2;V;26,2;V;25,3;V;24,5;V;23,5;V;23;V;23,7;V;25,3;V;28,1;V;31;V;33,4;V;35,9;V;37,7;V;38,1;V;38,1;V;38,2;V;37,5;V;36,9;V;35,2;V;32,3;V;29,4;V;27,2;V;25,1;V;23,5;V
28;148;4;86;28148004_86_89;2026;07;01;57;V;58;V;57;V;59;V;58;V;59;V;60;V;62;V;67;V;69;V;73;V;83;V;85;V;85;V;77;V;74;V;72;V;68;V;69;V;57;V;56;V;57;V;58;V;59;V
28;148;4;87;28148004_87_89;2026;07;01;957;V;957;V;957;V;957;V;957;V;957;V;958;V;959;V;959;V;959;V;959;V;959;V;958;V;957;V;956;V;956;V;956;V;955;V;956;V;956;V;957;V;957;V;958;V;958;V
28;148;4;88;28148004_88_89;2026;07;01;16;V;16;V;16;V;16;V;17;V;76;V;269;V;474;V;656;V;820;V;950;V;1030;V;1046;V;997;V;793;V;750;V;560;V;369;V;125;V;42;V;16;V;16;V;15;V;15;V
28;148;4;89;28148004_89_89;2026;07;01;0;V;0;V;0;V;0;V;0;V;0;V;0;V;0;V;0;V;0;V;0;V;0;V;0;V;0;V;0;V;0;V;0;V;0;V;0;V;0;V;0;V;0;V;0;V;0;V
28;16;1;81;28016001_81_89;2026;07;01;2,8;V;1,4;V;0,9;V;1,2;V;1,5;V;1,9;V;1,7;V;2,2;V;3,1;V;2,4;V;1,3;V;2,5;V;3,6;V;3,3;V;4,2;V;3,7;V;3,7;V;3,7;V;2,6;V;2,4;V;3;V;2,9;V;1,3;V;2,2;V
28;16;1;82;28016001_82_89;2026;07;01;79;V;55;V;22;V;58;V;275;V;303;V;304;V;116;V;116;V;100;V;106;V;94;V;78;V;94;V;61;V;71;V;89;V;105;V;95;V;61;V;89;V;97;V;61;V;100;V
28;16;1;83;28016001_83_89;2026;07;01;23,5;V;23,3;V;22,4;V;21,7;V;20,2;V;20,4;V;21,3;V;22,9;V;24,5;V;26,5;V;29,3;V;30,2;V;30,5;V;30,8;V;30,9;V;31;V;30,6;V;29,5;V;28,5;V;25,9;V;23,4;V;21,7;V;20,9;V;19,6;V
28;16;1;86;28016001_86_89;2026;07;01;49;V;49;V;49;V;51;V;53;V;50;V;50;V;50;V;48;V;43;V;36;V;31;V;28;V;27;V;27;V;29;V;30;V;29;V;29;V;31;V;35;V;38;V;40;V;44;V
28;16;1;87;28016001_87_89;2026;07;01;906;V;906;V;906;V;906;V;906;V;906;V;907;V;907;V;906;V;906;V;906;V;906;V;906;V;905;V;905;V;905;V;904;V;904;V;905;V;906;V;906;V;906;V;906;V;907;V
28;16;1;88;28016001_88_89;2026;07;01;0;V;0;V;0;V;0;V;0;V;27;V;157;V;344;V;535;V;697;V;837;V;940;V;985;V;945;V;861;V;721;V;525;V;332;V;134;V;18;V;0;V;0;V;0;V;0;V
28;16;1;89;28016001_89_89;2026;07;01;0;V;0;V;0;V;0;V;0;V;0;V;0;V;0;V;0;V;0;V;0;V;0;V;0;V;0;V;0;V;0;V;0;V;0;V;0;V;0;V;0;V;0;V;0;V;0;V
28;161;1;81;28161001_81_89;2026;07;01;2;V;2,6;V;3;V;3,1;V;1,7;V;2,2;V;2,6;V;2,5;V;2,1;V;1,9;V;1,8;V;1,6;V;1,7;V;1,8;V;2;V;2,2;V;2,5;V;2,2;V;2,6;V;4,2;V;4,1;V;3,8;V;3,3;V;3,3;V
28;161;1;82;28161001_82_89;2026;07;01;56;V;54;V;56;V;61;V;67;V;59;V;60;V;59;V;60;V;62;V;72;V;69;V;87;V;75;V;229;V;109;V;213;V;209;V;86;V;54;V;62;V;66;V;63;V;58;V
28;161;1;83;28161001_83_89;2026;07;01;28;V;26,7;V;25,6;V;24,7;V;23,8;V;23,6;V;24,3;V;26,2;V;28,5;V;31;V;33,6;V;36;V;37,1;V;38,1;V;38,7;V;38,6;V;38,7;V;38,7;V;37,2;V;34,3;V;31,3;V;29;V;27;V;25,2;V
28;161;1;86;28161001_86_89;2026;07;01;47;V;53;V;56;V;58;V;61;V;62;V;60;V;54;V;48;V;42;V;36;V;29;V;24;V;23;V;23;V;23;V;21;V;20;V;26;V;28;V;31;V;32;V;35;V;38;V
28;161;1;87;28161001_87_89;2026;07;01;949;V;949;V;949;V;949;V;949;V;949;V;950;V;950;V;950;V;949;V;949;V;949;V;948;V;948;V;947;V;946;V;946;V;946;V;946;V;947;V;948;V;949;V;949;V;950;V
28;161;1;88;28161001_88_89;2026;07;01;1;V;1;V;1;V;1;V;3;V;127;V;363;V;581;V;760;V;887;V;958;V;981;V;958;V;880;V;751;V;572;V;420;V;260;V;99;V;21;V;1;V;1;V;1;V;1;V
28;161;1;89;28161001_89_89;2026;07;01;0;V;0;V;0;V;0;V;0;V;0;V;0;V;0;V;0;V;0;V;0;V;0;V;0;V;0;V;0;V;0;V;0;V;0;V;0;V;0;V;0;V;0;V;0;V;0;V
28;171;1;81;28171001_81_89;2026;07;01;2,1;V;1,6;V;1,3;V;1;V;1,2;V;1;V;1,5;V;2,2;V;2,1;V;1,7;V;1,7;V;1,6;V;2;V;3;V;3,4;V;4,1;V;3,6;V;4;V;3,3;V;3,1;V;2,6;V;3,4;V;3,2;V;2,9;V
28;171;1;82;28171001_82_89;2026;07;01;41;V;39;V;39;V;43;V;43;V;47;V;55;V;56;V;59;V;70;V;86;V;118;V;204;V;122;V;161;V;121;V;131;V;148;V;133;V;162;V;99;V;159;V;179;V;154;V
28;171;1;83;28171001_83_89;2026;07;01;25,9;V;24,7;V;23,1;V;21,9;V;21,5;V;21,7;V;24,1;V;27;V;28,8;V;31,4;V;33,2;V;35,4;V;36,7;V;37,5;V;37,3;V;36,2;V;35,8;V;34,7;V;33,1;V;30,8;V;28,8;V;27,2;V;25,3;V;23,4;V
28;171;1;86;28171001_86_89;2026;07;01;28;V;36;V;41;V;50;V;52;V;51;V;46;V;38;V;32;V;25;V;18;V;14;V;11;V;11;V;12;V;13;V;14;V;14;V;15;V;16;V;17;V;18;V;23;V;29;V
28;171;1;87;28171001_87_89;2026;07;01;960;V;959;V;943;V;959;V;960;V;960;V;960;V;961;V;960;V;960;V;960;V;961;V;961;V;961;V;960;V;960;V;960;V;960;V;960;V;961;V;961;V;959;V;960;V;961;V
28;171;1;88;28171001_88_89;2026;07;01;2;V;2;V;2;V;2;V;3;V;44;V;204;V;396;V;587;V;760;V;894;V;968;V;997;V;955;V;859;V;718;V;532;V;331;V;150;V;22;V;3;V;3;V;3;V;3;V
28;171;1;89;28171001_89_89;2026;07;01;0;V;0;V;0;V;0;V;0;V;0;V;0;V;0;V;0;V;0;V;0;V;0;V;0;V;0;V;0;V;0;V;0;V;0;V;0;V;0;V;0;V;0;V;0;V;0;V
28;180;1;81;28180001_81_89;2026;07;01;0,2;V;0,5;V;0,6;V;0,7;V;0,3;V;0,3;V;0,2;V;0,7;V;0,7;V;0,7;V;0,7;V;0,9;V;1,4;V;1,7;V;2,2;V;1,9;V;1,3;V;1,2;V;1,9;V;1;V;1,6;V;1,6;V;2;V;1,6;V
28;180;1;82;28180001_82_89;2026;07;01;352;V;40;V;67;V;54;V;45;V;61;V;17;V;65;V;47;V;310;V;29;V;270;V;303;V;289;V;288;V;291;V;281;V;269;V;227;V;164;V;200;V;230;V;248;V;108;V
28;180;1;83;28180001_83_89;2026;07;01;25,4;V;24,1;V;23,2;V;22,8;V;22,1;V;22,6;V;25,1;V;26,1;V;28;V;30,2;V;32,1;V;33,9;V;34,6;V;35,1;V;35,2;V;35,2;V;35,7;V;35,2;V;33,9;V;32;V;27,9;V;25,6;V;23,9;V;22,6;V
28;180;1;86;28180001_86_89;2026;07;01;37;V;44;V;45;V;47;V;50;V;50;V;44;V;42;V;37;V;31;V;27;V;22;V;20;V;17;V;17;V;18;V;18;V;19;V;22;V;24;V;27;V;28;V;29;V;26;V
28;180;1;87;28180001_87_89;2026;07;01;935;V;935;V;935;V;935;V;935;V;935;V;936;V;936;V;936;V;936;V;935;V;935;V;934;V;934;V;934;V;933;V;933;V;932;V;933;V;933;V;934;V;935;V;935;V;936;V
28;180;1;88;28180001_88_89;2026;07;01;1;V;1;V;1;V;1;V;2;V;56;V;235;V;435;V;623;V;785;V;898;V;961;V;980;V;940;V;842;V;688;V;513;V;302;V;127;V;23;V;1;V;1;V;1;V;1;V
28;180;1;89;28180001_89_89;2026;07;01;0;V;0;V;0;V;0;V;0;V;0;V;0;V;0;V;0;V;0;V;0;V;0;V;0;V;0;V;0;V;0;V;0;V;0;V;0;V;0;V;0;V;0;V;0;V;0;V
28;45;2;81;28045002_81_89;2026;07;01;3,1;V;1,7;V;1,4;V;1,7;V;1,2;V;0,7;V;1,7;V;2,6;V;1,5;V;1,2;V;1,2;V;1,5;V;1,8;V;1,4;V;3,1;V;3,6;V;3,5;V;3,4;V;2,7;V;3;V;3,7;V;3,1;V;2,6;V;2,1;V
28;45;2;82;28045002_82_89;2026;07;01;45;V;50;V;42;V;49;V;41;V;26;V;49;V;52;V;63;V;80;V;98;V;62;V;154;V;79;V;59;V;53;V;65;V;77;V;109;V;69;V;52;V;53;V;55;V;55;V
28;45;2;83;28045002_83_89;2026;07;01;24;V;23,8;V;23,3;V;23;V;22,4;V;22,8;V;23,7;V;24,5;V;26;V;27,7;V;29,2;V;30,2;V;31,6;V;32,6;V;32,6;V;32,2;V;31,8;V;31;V;29,9;V;28,2;V;25,4;V;23,2;V;21,8;V;20,7;V
28;45;2;86;28045002_86_89;2026;07;01;49;V;50;V;50;V;50;V;52;V;51;V;49;V;48;V;45;V;42;V;37;V;33;V;31;V;29;V;30;V;30;V;29;V;29;V;28;V;29;V;32;V;35;V;38;V;41;V
28;45;2;87;28045002_87_89;2026;07;01;922;V;922;V;922;V;922;V;922;V;922;V;922;V;922;V;922;V;922;V;922;V;922;V;921;V;919;V;919;V;919;V;918;V;918;V;919;V;919;V;920;V;922;V;922;V;922;V
28;45;2;88;28045002_88_89;2026;07;01;1;V;1;V;1;V;1;V;3;V;36;V;127;V;405;V;642;V;838;V;989;V;1086;V;1129;V;879;V;788;V;678;V;561;V;381;V;120;V;37;V;2;V;1;V;1;V;1;V
28;45;2;89;28045002_89_89;2026;07;01;0;V;0;V;0;V;0;V;0;V;0;V;0;V;0;V;0;V;0;V;0;V;0;V;0;V;0;V;0;V;0;V;0;V;0;V;0;V;0;V;0;V;0;V;0;V;0;V
28;47;2;81;28047002_81_89;2026;07;01;2,1;V;1,9;V;1,2;V;1,4;V;0,6;V;0,6;V;0,9;V;1,5;V;0,9;V;0,6;V;1,3;V;2,2;V;2,8;V;2,4;V;2,5;V;2,7;V;3,1;V;2,8;V;2,5;V;2,2;V;2,2;V;1,5;V;1,6;V;0,9;V
28;47;2;82;28047002_82_89;2026;07;01;34;V;37;V;45;V;45;V;87;V;156;V;49;V;33;V;62;V;126;V;102;V;96;V;112;V;98;V;99;V;92;V;84;V;50;V;51;V;59;V;44;V;39;V;34;V;20;V
28;47;2;83;28047002_83_89;2026;07;01;24,4;V;24,2;V;23,4;V;22,8;V;21,4;V;20,5;V;23,7;V;26,5;V;28,6;V;31,1;V;32,4;V;33,2;V;33,3;V;33,6;V;33,8;V;33,4;V;32,8;V;31,7;V;29,5;V;27,5;V;25,1;V;23,7;V;21,5;V;20,2;V
28;47;2;86;28047002_86_89;2026;07;01;41;V;45;V;46;V;46;V;48;V;48;V;46;V;40;V;37;V;29;V;24;V;23;V;23;V;24;V;25;V;25;V;24;V;23;V;25;V;25;V;27;V;31;V;38;V;41;V
28;47;2;87;28047002_87_89;2026;07;01;922;V;922;V;922;V;922;V;922;V;923;V;923;V;923;V;923;V;922;V;922;V;922;V;922;V;921;V;921;V;921;V;920;V;920;V;921;V;921;V;922;V;922;V;923;V;923;V
28;47;2;88;28047002_88_89;2026;07;01;0;V;0;V;0;V;0;V;1;V;54;V;225;V;433;V;651;V;838;V;984;V;1079;V;1114;V;1074;V;973;V;814;V;615;V;399;V;191;V;34;V;0;V;0;V;0;V;0;V
28;47;2;89;28047002_89_89;2026;07;01;0;V;0;V;0;V;0;V;0;V;0;V;0;V;0;V;0;V;0;V;0;V;0;V;0;V;0;V;0;V;0;V;0;V;0;V;0;V;0;V;0;V;0;V;0;V;0;V
28;49;3;81;28049003_81_89;2026;07;01;0,3;V;0,3;V;0,3;V;0,3;V;0,3;V;0,3;V;0,3;V;0,4;V;0,4;V;0,4;V;0,4;V;0,4;V;0,7;V;0,8;V;0,9;V;0,6;V;0,6;V;0,5;V;0,7;V;1;V;1;V;1;V;1;V;0,8;V
28;49;3;82;28049003_82_89;2026;07;01;23;V;355;V;4;V;6;V;41;V;44;V;53;V;95;V;68;V;307;V;281;V;95;V;241;V;227;V;243;V;99;V;88;V;104;V;171;V;99;V;86;V;81;V;84;V;99;V
28;49;3;83;28049003_83_89;2026;07;01;25,6;V;24,6;V;23,7;V;22,9;V;22,2;V;21,8;V;22,5;V;24,3;V;27,3;V;30,5;V;33,2;V;36,2;V;37,3;V;38;V;38,1;V;39,1;V;38,8;V;37,8;V;36,2;V;31,6;V;28;V;25,9;V;23,9;V;22,3;V
28;49;3;86;28049003_86_89;2026;07;01;46;V;49;V;51;V;53;V;55;V;57;V;55;V;49;V;41;V;34;V;29;V;22;V;18;V;17;V;17;V;17;V;18;V;19;V;19;V;23;V;25;V;28;V;33;V;37;V
28;49;3;87;28049003_87_89;2026;07;01;950;V;950;V;950;V;950;V;951;V;951;V;951;V;951;V;951;V;951;V;950;V;948;V;948;V;946;V;946;V;945;V;944;V;944;V;945;V;947;V;948;V;950;V;951;V;952;V
28;49;3;88;28049003_88_89;2026;07;01;0;V;0;V;0;V;0;V;0;V;18;V;66;V;317;V;642;V;828;V;969;V;1057;V;1081;V;1045;V;928;V;758;V;575;V;388;V;204;V;37;V;0;V;0;V;0;V;0;V
28;49;3;89;28049003_89_89;2026;07;01;0;V;0;V;0;V;0;V;0;V;0;V;0;V;0;V;0;V;0;V;0;V;0;V;0;V;0;V;0;V;0;V;0;V;0;V;0;V;0;V;0;V;0;V;0;V;0;V
28;5;2;81;28005002_81_89;2026;07;01;1,4;V;1,1;V;1;V;1;V;1,2;V;1;V;1,2;V;1,5;V;1,3;V;0,7;V;0,9;V;1,1;V;1,3;V;1;V;1,5;V;1,6;V;1,7;V;1,8;V;2,3;V;2,7;V;2,3;V;2,5;V;2;V;2,5;V
28;5;2;82;28005002_82_89;2026;07;01;42;V;54;V;59;V;60;V;61;V;51;V;62;V;49;V;40;V;24;V;43;V;64;V;32;V;18;V;49;V;41;V;46;V;46;V;27;V;39;V;40;V;43;V;41;V;45;V
28;5;2;83;28005002_83_89;2026;07;01;25,6;V;24,4;V;23,3;V;22,5;V;21,6;V;21,5;V;22,2;V;23,9;V;26,3;V;29,3;V;31,2;V;33,1;V;34,2;V;35,3;V;35,2;V;35,4;V;35;V;34,3;V;33,5;V;30,6;V;28;V;25,8;V;23,9;V;22,4;V
28;5;2;86;28005002_86_89;2026;07;01;49;V;53;V;55;V;58;V;60;V;61;V;59;V;54;V;49;V;41;V;36;V;30;V;26;V;25;V;26;V;26;V;26;V;27;V;28;V;28;V;30;V;33;V;37;V;39;V
28;5;2;87;28005002_87_89;2026;07;01;958;V;958;V;958;V;958;V;959;V;959;V;959;V;959;V;959;V;959;V;958;V;958;V;957;V;957;V;956;V;956;V;956;V;956;V;956;V;957;V;958;V;959;V;959;V;960;V
28;5;2;88;28005002_88_89;2026;07;01;0;V;0;V;0;V;0;V;1;V;36;V;161;V;358;V;550;V;722;V;853;V;960;V;997;V;960;V;841;V;715;V;341;V;48;V;41;V;16;V;0;V;0;V;0;V;0;V
28;5;2;89;28005002_89_89;2026;07;01;0;V;0;V;0;V;0;V;0;V;0;V;0;V;0;V;0;V;0;V;0;V;0;V;0;V;0;V;0;V;0;V;0;V;0;V;0;V;0;V;0;V;0;V;0;V;0;V
28;58;4;81;28058004_81_89;2026;07;01;2,2;V;2,1;V;2,5;V;2,4;V;2,1;V;2;V;2,1;V;2,3;V;2,2;V;2,1;V;2;V;1,8;V;1,8;V;1,8;V;1,6;V;1,7;V;1,7;V;1,6;V;1,6;V;2,7;V;2,9;V;3;V;3,3;V;3,2;V
28;58;4;82;28058004_82_89;2026;07;01;234;V;189;V;183;V;198;V;74;V;186;V;206;V;72;V;42;V;58;V;49;V;82;V;139;V;184;V;213;V;235;V;221;V;225;V;234;V;238;V;154;V;169;V;117;V;172;V
28;58;4;83;28058004_83_89;2026;07;01;26,4;V;25,3;V;24,3;V;23,6;V;22,8;V;22,6;V;24;V;26,2;V;28,7;V;31,3;V;33,3;V;35,2;V;36,4;V;37,5;V;38,6;V;38,3;V;37,4;V;35,9;V;33,7;V;31,7;V;29;V;26,7;V;25;V;23,1;V
28;58;4;86;28058004_86_89;2026;07;01;34;V;38;V;40;V;41;V;43;V;44;V;40;V;36;V;30;V;25;V;22;V;16;V;14;V;13;V;12;V;10;V;10;V;12;V;16;V;17;V;21;V;22;V;23;V;25;V
28;58;4;87;28058004_87_89;2026;07;01;943;V;943;V;943;V;943;V;944;V;944;V;944;V;945;V;945;V;944;V;944;V;944;V;944;V;943;V;943;V;942;V;942;V;942;V;942;V;942;V;943;V;943;V;944;V;945;V
28;58;4;88;28058004_88_89;2026;07;01;2;V;2;V;2;V;3;V;3;V;45;V;189;V;363;V;540;V;696;V;818;V;892;V;911;V;865;V;784;V;637;V;377;V;316;V;38;V;15;V;1;V;1;V;1;V;1;V
28;58;4;89;28058004_89_89;2026;07;01;0;V;0;V;0;V;0;V;0;V;0;V;0;V;0;V;0;V;0;V;0;V;0;V;0;V;0;V;0;V;0;V;0;V;0;V;0;V;0;V;0;V;0;V;0;V;0;V
28;6;4;81;28006004_81_89;2026;07;01;1,7;V;1,5;V;1,5;V;1,6;V;1,3;V;1,3;V;1,5;V;1,5;V;1,1;V;1,4;V;1,1;V;1,1;V;1,1;V;1,2;V;2,5;V;2,9;V;2,5;V;2,8;V;3,3;V;3,1;V;3,4;V;3,2;V;3,6;V;3,3;V
28;6;4;82;28006004_82_89;2026;07;01;109;V;108;V;93;V;85;V;95;V;94;V;85;V;85;V;90;V;107;V;101;V;110;V;127;V;123;V;107;V;86;V;106;V;126;V;123;V;89;V;82;V;83;V;82;V;87;V
28;6;4;83;28006004_83_89;2026;07;01;26,5;V;25,8;V;25,3;V;24,6;V;23,8;V;23,4;V;24;V;25,3;V;27,2;V;28,9;V;31,2;V;33,1;V;34,1;V;35,5;V;35,7;V;35,6;V;35,6;V;35,1;V;33,7;V;31,5;V;28,5;V;26,6;V;24,5;V;23;V
28;6;4;86;28006004_86_89;2026;07;01;48;V;50;V;51;V;52;V;55;V;56;V;54;V;50;V;45;V;41;V;35;V;27;V;24;V;24;V;24;V;24;V;23;V;23;V;22;V;25;V;27;V;30;V;34;V;38;V
28;6;4;87;28006004_87_89;2026;07;01;929;V;929;V;929;V;930;V;930;V;931;V;931;V;932;V;932;V;931;V;931;V;931;V;931;V;930;V;930;V;930;V;930;V;929;V;930;V;931;V;931;V;932;V;933;V;934;V
28;6;4;88;28006004_88_89;2026;07;01;4;V;4;V;4;V;4;V;5;V;41;V;92;V;302;V;543;V;738;V;794;V;876;V;920;V;903;V;772;V;759;V;636;V;384;V;123;V;29;V;4;V;4;V;4;V;4;V
28;6;4;89;28006004_89_89;2026;07;01;0;V;0;V;0;V;0;V;0;V;0;V;0;V;0;V;0;V;0;V;0;V;0;V;0;V;0;V;0;V;0;V;0;V;0;V;0;V;0;V;0;V;0;V;0;V;0;V
28;65;14;81;28065014_81_89;2026;07;01;1,4;V;1,2;V;1;V;1,1;V;1,4;V;1;V;1,2;V;1,3;V;1;V;0,9;V;1;V;0,9;V;0,8;V;0,9;V;0,8;V;1,4;V;1,4;V;1,2;V;1,8;V;2,3;V;1,9;V;2,2;V;1,9;V;1,9;V
28;65;14;82;28065014_82_89;2026;07;01;117;V;109;V;116;V;93;V;83;V;100;V;80;V;82;V;95;V;119;V;108;V;103;V;193;V;137;V;136;V;175;V;253;V;244;V;105;V;111;V;100;V;78;V;88;V;87;V
28;65;14;83;28065014_83_89;2026;07;01;27,1;V;25,9;V;25;V;24,3;V;23,3;V;23;V;23,8;V;25,6;V;27,5;V;29,2;V;31,2;V;33,4;V;35,1;V;35,9;V;36,6;V;37;V;37,4;V;35,9;V;34,2;V;32;V;29,2;V;26,9;V;25,1;V;23,3;V
28;65;14;86;28065014_86_89;2026;07;01;40;V;43;V;45;V;47;V;49;V;51;V;49;V;44;V;39;V;34;V;30;V;22;V;19;V;18;V;18;V;16;V;14;V;19;V;21;V;22;V;24;V;26;V;28;V;32;V
28;65;14;87;28065014_87_89;2026;07;01;952;V;952;V;952;V;952;V;952;V;953;V;953;V;953;V;953;V;953;V;952;V;952;V;951;V;951;V;950;V;949;V;949;V;949;V;949;V;950;V;951;V;952;V;953;V;953;V
28;65;14;88;28065014_88_89;2026;07;01;0;V;0;V;0;V;0;V;0;V;12;V;102;V;352;V;572;V;768;V;922;V;1042;V;1092;V;1043;V;853;V;776;V;602;V;380;V;118;V;7;V;0;V;0;V;0;V;0;V
28;65;14;89;28065014_89_89;2026;07;01;0;V;0;V;0;V;0;V;0;V;0;V;0;V;0;V;0;V;0;V;0;V;0;V;0;V;0;V;0;V;0;V;0;V;0;V;0;V;0;V;0;V;0;V;0;V;0;V
28;67;1;81;28067001_81_89;2026;07;01;0,3;V;0,3;V;0,3;V;0,1;V;0,1;V;0,1;V;0,2;V;0,7;V;1;V;0,7;V;1;V;1,2;V;1,8;V;2,5;V;3,9;V;3,5;V;2,9;V;2,9;V;2;V;1,3;V;1,7;V;1,5;V;1,1;V;0,2;V
28;67;1;82;28067001_82_89;2026;07;01;188;V;326;V;323;V;45;V;344;V;156;V;154;V;107;V;119;V;87;V;110;V;126;V;104;V;109;V;294;V;52;V;70;V;70;V;70;V;120;V;101;V;147;V;160;V;168;V
28;67;1;83;28067001_83_89;2026;07;01;21,7;V;20,3;V;19;V;17,6;V;16,5;V;16,7;V;20,6;V;24;V;26;V;28;V;29,8;V;31,2;V;32,1;V;32,3;V;32,2;V;32,1;V;31,9;V;31,1;V;30,1;V;28,1;V;25,7;V;23,8;V;21,5;V;19,3;V
28;67;1;86;28067001_86_89;2026;07;01;55;V;58;V;62;V;65;V;68;V;68;V;59;V;48;V;46;V;42;V;36;V;34;V;33;V;33;V;31;V;31;V;30;V;30;V;29;V;30;V;34;V;38;V;43;V;48;V
28;67;1;87;28067001_87_89;2026;07;01;926;V;926;V;926;V;926;V;926;V;926;V;927;V;927;V;926;V;926;V;926;V;926;V;925;V;925;V;924;V;924;V;924;V;924;V;924;V;925;V;925;V;926;V;926;V;927;V
28;67;1;88;28067001_88_89;2026;07;01;1;V;1;V;1;V;1;V;1;V;29;V;136;V;382;V;598;V;794;V;969;V;1094;V;1153;V;928;V;1017;V;866;V;667;V;324;V;229;V;30;V;1;V;1;V;1;V;1;V
28;67;1;89;28067001_89_89;2026;07;01;0;V;0;V;0;V;0;V;0;V;0;V;0;V;0;V;0;V;0;V;0;V;0;V;0;V;0;V;0;V;0;V;0;V;0;V;0;V;0;V;0;V;0;V;0;V;0;V
28;7;4;81;28007004_81_89;2026;07;01;2,8;V;2,8;V;3,2;V;2,9;V;2,3;V;2,6;V;2,8;V;2,8;V;2,2;V;2;V;2,1;V;2;V;2,4;V;2,5;V;3,3;V;3,3;V;3,3;V;3,1;V;2,7;V;3,1;V;3,6;V;3,3;V;3,2;V;3,3;V
28;7;4;82;28007004_82_89;2026;07;01;60;V;62;V;61;V;70;V;74;V;71;V;69;V;70;V;88;V;81;V;78;V;131;V;244;V;186;V;292;V;296;V;296;V;297;V;278;V;82;V;74;V;73;V;76;V;88;V
28;7;4;83;28007004_83_89;2026;07;01;29;V;27,5;V;26,9;V;26,4;V;26;V;25,4;V;26,4;V;27,6;V;29,8;V;32;V;34,4;V;36,6;V;37,5;V;38,3;V;38,9;V;38,7;V;38,3;V;37,6;V;36,9;V;34,6;V;31,8;V;29,7;V;28,1;V;26,4;V
28;7;4;86;28007004_86_89;2026;07;01;42;V;48;V;50;V;51;V;52;V;54;V;50;V;45;V;38;V;32;V;28;V;22;V;20;V;19;V;17;V;15;V;16;V;19;V;22;V;24;V;26;V;28;V;28;V;30;V
28;7;4;87;28007004_87_89;2026;07;01;939;V;939;V;940;V;939;V;940;V;941;V;942;V;942;V;941;V;938;V;938;V;938;V;936;V;936;V;935;V;936;V;934;V;935;V;936;V;937;V;938;V;937;V;938;V;939;V
28;7;4;88;28007004_88_89;2026;07;01;35;V;35;V;35;V;35;V;35;V;67;V;211;V;410;V;617;V;786;V;920;V;1004;V;1028;V;1001;V;901;V;769;V;593;V;393;V;206;V;68;V;34;V;34;V;34;V;34;V
28;7;4;89;28007004_89_89;2026;07;01;0;V;0;V;0;V;0;V;0;V;0;V;0;V;0;V;0;V;0;V;0;V;0;V;0;V;0;V;0;V;0;V;0;V;0;V;0;V;0;V;0;V;0;V;0;V;0;V
28;74;7;81;28074007_81_89;2026;07;01;2,1;V;1,9;V;2,2;V;1,8;V;1,4;V;1,3;V;1,6;V;1,6;V;1,6;V;1,4;V;1,6;V;1,4;V;1,5;V;1,8;V;1,7;V;1,9;V;2,3;V;2,2;V;2,7;V;3,2;V;2,8;V;2,2;V;2,5;V;2,4;V
28;74;7;82;28074007_82_89;2026;07;01;260;V;271;V;257;V;242;V;204;V;220;V;168;V;139;V;182;V;175;V;151;V;185;V;223;V;250;V;166;V;280;V;292;V;268;V;213;V;186;V;169;V;139;V;159;V;166;V
28;74;7;83;28074007_83_89;2026;07;01;29,1;V;28;V;27,2;V;26,6;V;25,9;V;25,7;V;26,6;V;28,3;V;30,5;V;33,3;V;35,7;V;38;V;39,2;V;39,7;V;40,2;V;40,1;V;39,3;V;38,3;V;37,2;V;34,6;V;31,5;V;29,5;V;27,7;V;25,8;V
28;74;7;86;28074007_86_89;2026;07;01;40;V;43;V;45;V;46;V;48;V;50;V;48;V;43;V;37;V;31;V;27;V;20;V;17;V;16;V;16;V;14;V;14;V;17;V;20;V;21;V;23;V;25;V;25;V;30;V
28;74;7;87;28074007_87_89;2026;07;01;950;V;949;V;950;V;950;V;950;V;950;V;950;V;951;V;951;V;950;V;950;V;950;V;950;V;950;V;950;V;949;V;949;V;949;V;949;V;950;V;950;V;950;V;951;V;951;V
28;74;7;88;28074007_88_89;2026;07;01;8;V;8;V;8;V;8;V;8;V;34;V;180;V;383;V;569;V;730;V;856;V;936;V;958;V;925;V;737;V;716;V;562;V;375;V;174;V;29;V;7;V;7;V;7;V;7;V
28;74;7;89;28074007_89_89;2026;07;01;0;V;0;V;0;V;0;V;0;V;0;V;0;V;0;V;0;V;0;V;0;V;0;V;0;V;0;V;0;V;0;V;0;V;0;V;0;V;0;V;0;V;0;V;0;V;0;V
28;80;3;81;28080003_81_89;2026;07;01;3,4;V;3,8;V;4;V;3,9;V;3,9;V;2,9;V;3,1;V;2,4;V;2,3;V;1,9;V;1,8;V;1,9;V;1,8;V;2,2;V;3,1;V;3,3;V;3,4;V;3,2;V;3,2;V;3,7;V;4;V;3,9;V;4,2;V;3,9;V
28;80;3;82;28080003_82_89;2026;07;01;59;V;58;V;53;V;57;V;57;V;65;V;65;V;76;V;83;V;96;V;112;V;143;V;212;V;246;V;263;V;271;V;270;V;270;V;232;V;120;V;71;V;63;V;61;V;65;V
28;80;3;83;28080003_83_89;2026;07;01;25;V;24,5;V;24;V;23,3;V;22,6;V;22,3;V;23;V;24,5;V;26,1;V;28;V;30,4;V;32,1;V;33,5;V;34,3;V;35;V;34,7;V;34,3;V;33,9;V;33,1;V;31,1;V;28,2;V;25,7;V;23,9;V;22,2;V
28;80;3;86;28080003_86_89;2026;07;01;49;V;51;V;51;V;53;V;55;V;56;V;54;V;50;V;47;V;43;V;37;V;31;V;29;V;27;V;22;V;23;V;26;V;25;V;26;V;28;V;30;V;33;V;35;V;38;V
28;80;3;87;28080003_87_89;2026;07;01;940;V;940;V;940;V;940;V;940;V;941;V;941;V;941;V;941;V;941;V;940;V;940;V;939;V;939;V;939;V;938;V;938;V;938;V;938;V;939;V;940;V;940;V;941;V;941;V
28;80;3;88;28080003_88_89;2026;07;01;1;V;1;V;1;V;1;V;1;V;35;V;213;V;418;V;608;V;779;V;906;V;994;V;1001;V;933;V;825;V;669;V;481;V;286;V;87;V;15;V;1;V;1;V;1;V;1;V
28;80;3;89;28080003_89_89;2026;07;01;0;V;0;V;0;V;0;V;0;V;0;V;0;V;0;V;0;V;0;V;0;V;0;V;0;V;0;V;0;V;0;V;0;V;0;V;0;V;0;V;0;V;0;V;0;V;0;V
28;9;1;81;28009001_81_89;2026;07;01;2,6;V;2,6;V;2,1;V;2,1;V;1,9;V;1,4;V;1,7;V;1,5;V;1,1;V;1;V;1,3;V;2,1;V;1,9;V;2,5;V;3,8;V;3,1;V;2,8;V;4,2;V;4,4;V;3,6;V;4,5;V;5;V;6;V;6,3;V
28;9;1;82;28009001_82_89;2026;07;01;73;V;105;V;61;V;63;V;65;V;62;V;60;V;75;V;73;V;78;V;86;V;285;V;72;V;264;V;288;V;227;V;152;V;270;V;245;V;60;V;58;V;57;V;63;V;72;V
28;9;1;83;28009001_83_89;2026;07;01;24;V;23,4;V;22,8;V;21,8;V;20,8;V;20,8;V;21,9;V;23,5;V;25,5;V;27,3;V;29,2;V;31,2;V;32,6;V;33,8;V;33,9;V;33,8;V;33,8;V;33,2;V;31,5;V;28,4;V;25,4;V;23,5;V;21,5;V;19,9;V
28;9;1;86;28009001_86_89;2026;07;01;49;V;51;V;52;V;54;V;56;V;58;V;57;V;55;V;50;V;43;V;39;V;32;V;28;V;27;V;26;V;26;V;26;V;26;V;26;V;28;V;30;V;33;V;37;V;41;V
28;9;1;87;28009001_87_89;2026;07;01;940;V;940;V;940;V;940;V;940;V;940;V;941;V;941;V;941;V;940;V;940;V;940;V;939;V;938;V;938;V;938;V;937;V;937;V;938;V;939;V;939;V;940;V;940;V;941;V
28;9;1;88;28009001_88_89;2026;07;01;4;V;4;V;4;V;4;V;6;V;75;V;251;V;437;V;651;V;815;V;942;V;1014;V;1026;V;994;V;892;V;741;V;539;V;364;V;189;V;39;V;4;V;4;V;4;V;4;V
28;9;1;89;28009001_89_89;2026;07;01;0;V;0;V;0;V;0;V;0;V;0;V;0;V;0;V;0;V;0;V;0;V;0;V;0;V;0;V;0;V;0;V;0;V;0;V;0;V;0;V;0;V;0;V;0;V;0;V
28;92;5;81;28092005_81_89;2026;07;01;1,2;V;1,3;V;1,3;V;1,2;V;1,2;V;1,3;V;1,1;V;1,2;V;1;V;0,7;V;0,9;V;1,1;V;1,6;V;1,7;V;2,9;V;3,5;V;3,7;V;3,7;V;3,3;V;2,2;V;1,5;V;1,3;V;1,3;V;1,5;V
28;92;5;82;28092005_82_89;2026;07;01;28;V;30;V;30;V;40;V;29;V;34;V;38;V;41;V;55;V;53;V;51;V;80;V;3;V;324;V;358;V;343;V;346;V;347;V;352;V;14;V;36;V;41;V;44;V;45;V
28;92;5;83;28092005_83_89;2026;07;01;28;V;26,7;V;25,8;V;25,2;V;24,6;V;24;V;24;V;25,9;V;30,5;V;32,1;V;35,5;V;37,1;V;38,5;V;38,9;V;39,1;V;38;V;37,6;V;36,6;V;35,1;V;33,2;V;30,8;V;28,8;V;27,1;V;25,7;V
28;92;5;86;28092005_86_89;2026;07;01;38;V;44;V;46;V;48;V;50;V;53;V;54;V;49;V;35;V;29;V;24;V;20;V;16;V;16;V;14;V;12;V;14;V;15;V;17;V;20;V;23;V;24;V;26;V;26;V
28;92;5;87;28092005_87_89;2026;07;01;944;V;944;V;944;V;944;V;944;V;945;V;945;V;945;V;945;V;945;V;946;V;945;V;945;V;944;V;944;V;944;V;944;V;943;V;943;V;944;V;944;V;945;V;945;V;946;V
28;92;5;88;28092005_88_89;2026;07;01;1;V;1;V;1;V;2;V;3;V;22;V;94;V;456;V;650;V;814;V;932;V;1001;V;1019;V;976;V;878;V;762;V;589;V;387;V;191;V;41;V;1;V;0;V;0;V;0;V
28;92;5;89;28092005_89_89;2026;07;01;0;V;0;V;0;V;0;V;0;V;0;V;0;V;0;V;0;V;0;V;0;V;0;V;0;V;0;V;0;V;0;V;0;V;0;V;0;V;0;V;0;V;0;V;0;V;0;V
28;102;1;81;28102001_81_89;2026;07;02;5,6;V;6,2;V;5,8;V;5,6;V;5,5;V;4,9;V;5,2;V;3,7;V;3,1;V;2,9;V;3;V;2,9;V;3,5;V;4,3;V;4,7;V;5,3;V;5,4;V;4,9;V;5,3;V;5,5;V;5,7;V;5,6;V;6,4;V;6,7;V
28;102;1;82;28102001_82_89;2026;07;02;73;V;53;V;55;V;49;V;45;V;49;V;56;V;68;V;79;V;105;V;89;V;84;V;77;V;68;V;74;V;68;V;62;V;50;V;53;V;47;V;46;V;53;V;56;V;51;V
28;102;1;83;28102001_83_89;2026;07;02;19,7;V;18,1;V;16,9;V;15,6;V;15;V;15,1;V;16,2;V;18,7;V;22,2;V;24,8;V;26,4;V;28,4;V;29,5;V;30,8;V;31,8;V;31,5;V;31,2;V;30,5;V;29,5;V;27,9;V;26,1;V;24,7;V;23,4;V;22,1;V
28;102;1;86;28102001_86_89;2026;07;02;39;V;46;V;52;V;61;V;65;V;65;V;61;V;53;V;42;V;37;V;35;V;30;V;28;V;22;V;15;V;13;V;15;V;18;V;19;V;23;V;28;V;32;V;37;V;41;V
28;102;1;87;28102001_87_89;2026;07;02;930;V;930;V;930;V;930;V;930;V;930;V;930;V;931;V;931;V;931;V;930;V;930;V;930;V;929;V;929;V;929;V;929;V;929;V;929;V;929;V;930;V;930;V;931;V;931;V
28;102;1;88;28102001_88_89;2026;07;02;2;V;2;V;2;V;2;V;4;V;36;V;216;V;406;V;566;V;726;V;840;V;908;V;923;V;892;V;815;V;690;V;528;V;347;V;70;V;17;V;2;V;2;V;2;V;2;V
28;102;1;89;28102001_89_89;2026;07;02;0;V;0;V;0;V;0;V;0;V;0;V;0;V;0;V;0;V;0;V;0;V;0;V;0;V;0;V;0;V;0;V;0;V;0;V;0;V;0;V;0;V;0;V;0;V;0;V
28;106;1;81;28106001_81_89;2026;07;02;2,4;V;3,2;V;5,5;V;5,2;V;4,4;V;4,7;V;3,6;V;4,2;V;3,1;V;3,5;V;3;V;2,3;V;2,7;V;3,1;V;2,7;V;3,2;V;3,2;V;2,6;V;2,4;V;2;V;3,2;V;3,2;V;4,6;V;4,4;V
28;106;1;82;28106001_82_89;2026;07;02;58;V;50;V;36;V;39;V;40;V;38;V;50;V;47;V;53;V;40;V;42;V;48;V;55;V;50;V;55;V;56;V;54;V;53;V;62;V;51;V;40;V;41;V;41;V;39;V
28;106;1;83;28106001_83_89;2026;07;02;23,8;V;22,3;V;20,7;V;20,2;V;19,8;V;19,5;V;19,7;V;21;V;23;V;24,9;V;27,4;V;30,1;V;32,1;V;33,8;V;35,3;V;36,1;V;36,1;V;35,6;V;34,5;V;32,3;V;30,4;V;28,7;V;27,1;V;25,8;V
28;106;1;86;28106001_86_89;2026;07;02;33;V;34;V;38;V;38;V;40;V;40;V;42;V;41;V;38;V;34;V;30;V;28;V;22;V;18;V;16;V;9;V;11;V;13;V;15;V;21;V;26;V;28;V;31;V;33;V
28;106;1;87;28106001_87_89;2026;07;02;946;V;946;V;946;V;946;V;946;V;946;V;946;V;946;V;947;V;947;V;946;V;946;V;945;V;945;V;945;V;944;V;944;V;944;V;944;V;944;V;945;V;946;V;946;V;947;V
28;106;1;88;28106001_88_89;2026;07;02;1;V;1;V;1;V;1;V;1;V;13;V;23;V;30;V;482;V;761;V;887;V;957;V;974;V;946;V;855;V;730;V;561;V;372;V;174;V;18;V;1;V;1;V;1;V;1;V
28;106;1;89;28106001_89_89;2026;07;02;0;V;0;V;0;V;0;V;0;V;0;V;0;V;0;V;0;V;0;V;0;V;0;V;0;V;0;V;0;V;0;V;0;V;0;V;0;V;0;V;0;V;0;V;0;V;0;V
28;115;3;81;28115003_81_89;2026;07;02;0,6;V;0,9;V;0,6;V;0,9;V;0,3;V;0,3;V;0,5;V;0,8;V;1,1;V;1;V;1,1;V;1;V;1,1;V;0,9;V;1;V;1;V;1,1;V;1,1;V;0,8;V;1;V;0,7;V;1,1;V;1,1;V;1;V
28;115;3;82;28115003_82_89;2026;07;02;66;V;66;V;44;V;48;V;12;V;2;V;44;V;61;V;72;V;74;V;74;V;62;V;81;V;77;V;74;V;79;V;85;V;85;V;77;V;77;V;74;V;65;V;64;V;67;V
28;115;3;83;28115003_83_89;2026;07;02;21,5;V;20,2;V;19,1;V;18;V;16,9;V;16;V;17,3;V;20,9;V;23,6;V;25,3;V;27,1;V;29;V;30,8;V;32,8;V;33,3;V;33,5;V;33;V;31,9;V;30,5;V;29,1;V;27,4;V;26,5;V;25,4;V;24,2;V
28;115;3;86;28115003_86_89;2026;07;02;37;V;37;V;41;V;46;V;50;V;56;V;51;V;39;V;33;V;31;V;30;V;26;V;21;V;17;V;15;V;14;V;16;V;18;V;23;V;28;V;31;V;31;V;32;V;34;V
28;115;3;87;28115003_87_89;2026;07;02;946;V;947;V;947;V;947;V;947;V;947;V;947;V;947;V;947;V;947;V;946;V;946;V;946;V;945;V;945;V;944;V;944;V;944;V;944;V;945;V;945;V;946;V;947;V;947;V
28;115;3;88;28115003_88_89;2026;07;02;1;V;1;V;1;V;1;V;2;V;29;V;136;V;336;V;486;V;812;V;836;V;970;V;951;V;947;V;842;V;679;V;76;V;37;V;28;V;8;V;1;V;1;V;1;V;1;V
28;115;3;89;28115003_89_89;2026;07;02;0;V;0;V;0;V;0;V;0;V;0;V;0;V;0;V;0;V;0;V;0;V;0;V;0;V;0;V;0;V;0;V;0;V;0;V;0;V;0;V;0;V;0;V;0;V;0;V
28;120;1;81;28120001_81_89;2026;07;02;1,9;V;2,3;V;2,3;V;1,9;V;1,8;V;1,3;V;1,3;V;2,3;V;3,7;V;3,9;V;3,5;V;2,8;V;2,2;V;2,1;V;1,7;V;2,1;V;1,4;V;1,5;V;1,1;V;1,7;V;1,5;V;1,2;V;1,2;V;1,1;V
28;120;1;82;28120001_82_89;2026;07;02;49;V;38;V;33;V;25;V;24;V;39;V;59;V;131;V;138;V;138;V;144;V;153;V;162;V;179;V;175;V;181;V;175;V;135;V;63;V;31;V;31;V;45;V;66;V;64;V
28;120;1;83;28120001_83_89;2026;07;02;13,9;V;13,4;V;12,7;V;14,1;V;13,9;V;13,5;V;14,5;V;17,7;V;18,7;V;19,5;V;19,9;V;20,9;V;22;V;22,7;V;23,7;V;23,7;V;23,9;V;22,9;V;19,8;V;16,8;V;17,4;V;17,2;V;16,3;V;15,9;V
28;120;1;86;28120001_86_89;2026;07;02;41;V;33;V;35;V;24;V;28;V;22;V;27;V;24;V;25;V;33;V;39;V;28;V;26;V;30;V;29;V;28;V;29;V;32;V;36;V;45;V;43;V;41;V;46;V;37;V
28;120;1;87;28120001_87_89;2026;07;02;821;V;821;V;821;V;820;V;820;V;821;V;821;V;821;V;821;V;822;V;822;V;822;V;822;V;822;V;822;V;822;V;822;V;822;V;822;V;822;V;822;V;822;V;823;V;823;V
28;120;1;88;28120001_88_89;2026;07;02;1;V;1;V;1;V;1;V;2;V;19;V;275;V;665;V;896;V;1080;V;1217;V;1297;V;1302;V;1237;V;1111;V;935;V;705;V;452;V;31;V;10;V;1;V;1;V;1;V;1;V
28;120;1;89;28120001_89_89;2026;07;02;0;V;0;V;0;V;0;V;0;V;0;V;0;V;0;V;0;V;0;V;0;V;0;V;0;V;0;V;0;V;0;V;0;V;0;V;0;V;0;V;0;V;0;V;0;V;0;V
28;123;2;81;28123002_81_89;2026;07;02;4,2;V;3,4;V;4,1;V;5,2;V;4,9;V;4,3;V;4,1;V;3,7;V;3,2;V;2,6;V;2,6;V;2,9;V;2,9;V;3,2;V;3,5;V;3,5;V;3,4;V;3,6;V;3,5;V;3;V;3,7;V;4,1;V;3,6;V;3,5;V
28;123;2;82;28123002_82_89;2026;07;02;67;V;71;V;59;V;53;V;54;V;56;V;61;V;66;V;65;V;72;V;69;V;76;V;81;V;77;V;65;V;68;V;69;V;68;V;65;V;64;V;63;V;57;V;56;V;54;V
28;123;2;83;28123002_83_89;2026;07;02;18,9;V;17,3;V;15,9;V;15;V;14,8;V;14,9;V;15,5;V;17,3;V;19,8;V;23,1;V;26,5;V;28,6;V;30,5;V;31,7;V;33;V;33,4;V;32,9;V;32;V;30,3;V;27,8;V;25,7;V;24;V;22,4;V;21,2;V
28;123;2;86;28123002_86_89;2026;07;02;31;V;35;V;38;V;42;V;42;V;42;V;44;V;41;V;36;V;30;V;26;V;22;V;18;V;15;V;8;V;8;V;10;V;11;V;15;V;21;V;24;V;27;V;30;V;32;V
28;123;2;87;28123002_87_89;2026;07;02;953;V;953;V;953;V;953;V;953;V;953;V;953;V;953;V;953;V;953;V;953;V;953;V;952;V;952;V;951;V;951;V;950;V;950;V;951;V;951;V;952;V;953;V;953;V;954;V
28;123;2;88;28123002_88_89;2026;07;02;13;V;13;V;14;V;14;V;14;V;78;V;272;V;365;V;659;V;819;V;936;V;1007;V;1027;V;994;V;916;V;779;V;590;V;397;V;196;V;32;V;13;V;13;V;13;V;13;V
28;123;2;89;28123002_89_89;2026;07;02;0;V;0;V;0;V;0;V;0;V;0;V;0;V;0;V;0;V;0;V;0;V;0;V;0;V;0;V;0;V;0;V;0;V;0;V;0;V;0;V;0;V;0;V;0;V;0;V
28;127;4;81;28127004_81_89;2026;07;02;1,6;V;1,4;V;1,5;V;1,9;V;2;V;2,5;V;1,6;V;1,9;V;1,6;V;1,6;V;2;V;1,8;V;1,8;V;1,8;V;1,7;V;1,7;V;1,6;V;1,6;V;1,5;V;1,2;V;1,2;V;1,4;V;1,7;V;1,3;V
28;127;4;82;28127004_82_89;2026;07;02;97;V;98;V;89;V;84;V;67;V;74;V;91;V;91;V;94;V;96;V;100;V;100;V;95;V;98;V;97;V;95;V;104;V;110;V;101;V;98;V;104;V;98;V;100;V;89;V
28;127;4;83;28127004_83_89;2026;07;02;20,8;V;19,5;V;18,2;V;17;V;16,2;V;15,7;V;17,5;V;20,3;V;23,3;V;25,6;V;27,1;V;28,9;V;30,6;V;32,3;V;33,3;V;33,8;V;33,8;V;32,8;V;31,2;V;29,3;V;27,4;V;26;V;25,2;V;23,8;V
28;127;4;86;28127004_86_89;2026;07;02;36;V;38;V;40;V;45;V;48;V;50;V;45;V;33;V;26;V;23;V;23;V;19;V;15;V;12;V;11;V;10;V;11;V;14;V;18;V;24;V;27;V;28;V;26;V;27;V
28;127;4;87;28127004_87_89;2026;07;02;939;V;939;V;939;V;939;V;939;V;939;V;939;V;940;V;940;V;939;V;939;V;939;V;939;V;938;V;938;V;937;V;937;V;937;V;937;V;938;V;938;V;939;V;939;V;940;V
28;127;4;88;28127004_88_89;2026;07;02;1;V;1;V;1;V;1;V;2;V;16;V;228;V;441;V;621;V;765;V;868;V;933;V;957;V;926;V;846;V;727;V;559;V;360;V;169;V;31;V;1;V;1;V;1;V;1;V
28;127;4;89;28127004_89_89;2026;07;02;0;V;0;V;0;V;0;V;0;V;0;V;0;V;0;V;0;V;0;V;0;V;0;V;0;V;0;V;0;V;0;V;0;V;0;V;0;V;0;V;0;V;0;V;0;V;0;V
28;13;2;81;28013002_81_89;2026;07;02;1,5;V;2,1;V;1,9;V;2,2;V;2;V;1,9;V;2,4;V;2,6;V;2,1;V;1,6;V;1,3;V;1,3;V;1,6;V;2,5;V;2;V;2,6;V;2,9;V;2,9;V;2,8;V;2,1;V;1,5;V;1,8;V;1,9;V;1,8;V
28;13;2;82;28013002_82_89;2026;07;02;61;V;61;V;54;V;60;V;51;V;54;V;55;V;57;V;69;V;66;V;97;V;108;V;98;V;77;V;81;V;80;V;74;V;64;V;60;V;60;V;76;V;80;V;81;V;58;V
28;13;2;83;28013002_83_89;2026;07;02;25,9;V;23,9;V;22;V;20,6;V;19,3;V;19;V;19,8;V;21,5;V;23,3;V;25,4;V;27,9;V;29,8;V;32,2;V;34,1;V;35,4;V;36,1;V;36,5;V;36,1;V;35,1;V;33;V;30,8;V;29,1;V;27,6;V;26,3;V
28;13;2;86;28013002_86_89;2026;07;02;29;V;33;V;38;V;44;V;51;V;54;V;52;V;47;V;43;V;38;V;36;V;33;V;30;V;25;V;24;V;21;V;14;V;16;V;18;V;21;V;24;V;30;V;33;V;37;V
28;13;2;87;28013002_87_89;2026;07;02;961;V;961;V;961;V;962;V;962;V;962;V;962;V;963;V;962;V;962;V;962;V;961;V;961;V;960;V;960;V;959;V;959;V;959;V;959;V;960;V;960;V;961;V;962;V;962;V
28;13;2;88;28013002_88_89;2026;07;02;0;V;0;V;0;V;0;V;0;V;24;V;147;V;399;V;610;V;797;V;945;V;1029;V;1054;V;1022;V;920;V;785;V;614;V;391;V;169;V;20;V;0;V;0;V;0;V;0;V
28;13;2;89;28013002_89_89;2026;07;02;0;V;0;V;0;V;0;V;0;V;0;V;0;V;0;V;0;V;0;V;0;V;0;V;0;V;0;V;0;V;0;V;0;V;0;V;0;V;0;V;0;V;0;V;0;V;0;V
28;133;2;81;28133002_81_89;2026;07;02;2,6;V;1,9;V;1,3;V;2,1;V;2,5;V;1,4;V;1,5;V;2,1;V;1,6;V;1,3;V;1,5;V;2,1;V;3,2;V;2,9;V;1,8;V;1,9;V;2;V;1,7;V;1,5;V;1,8;V;1,8;V;1,6;V;1,8;V;1,8;V
28;133;2;82;28133002_82_89;2026;07;02;297;V;310;V;306;V;283;V;297;V;303;V;290;V;304;V;256;V;254;V;265;V;256;V;264;V;267;V;237;V;160;V;146;V;145;V;146;V;243;V;314;V;310;V;293;V;313;V
28;133;2;83;28133002_83_89;2026;07;02;21,2;V;20;V;18,9;V;18;V;17,5;V;17,6;V;19;V;21,1;V;23,8;V;26,1;V;28,1;V;29,3;V;30,5;V;31,9;V;33,4;V;34,3;V;34,7;V;34,8;V;33,7;V;30,5;V;27,9;V;26,3;V;24,9;V;23,6;V
28;133;2;86;28133002_86_89;2026;07;02;47;V;51;V;57;V;62;V;65;V;66;V;61;V;52;V;42;V;34;V;29;V;26;V;24;V;22;V;20;V;16;V;12;V;11;V;13;V;20;V;28;V;40;V;44;V;47;V
28;133;2;87;28133002_87_89;2026;07;02;943;V;943;V;943;V;943;V;943;V;943;V;943;V;944;V;944;V;943;V;943;V;943;V;942;V;942;V;941;V;940;V;940;V;940;V;941;V;941;V;942;V;943;V;943;V;944;V
28;133;2;88;28133002_88_89;2026;07;02;5;V;5;V;5;V;5;V;5;V;80;V;261;V;455;V;643;V;804;V;922;V;982;V;993;V;946;V;846;V;703;V;533;V;341;V;153;V;21;V;3;V;4;V;4;V;4;V
28;133;2;89;28133002_89_89;2026;07;02;0;V;0;V;0;V;0;V;0;V;0;V;0;V;0;V;0;V;0;V;0;V;0;V;0;V;0;V;0;V;0;V;0;V;0;V;0;V;0;V;0;V;0;V;0;V;0;V
28;134;2;81;28134002_81_89;2026;07;02;0,6;V;1,2;V;0,5;V;0,3;V;0,1;V;0,2;V;0,3;V;1,2;V;1,5;V;1,5;V;1,6;V;1,7;V;1,7;V;1,8;V;2,2;V;2,6;V;2,5;V;2,4;V;2;V;1,2;V;1,2;V;0,8;V;0,7;V;1,3;V
28;134;2;82;28134002_82_89;2026;07;02;83;V;91;V;81;V;60;V;1;V;324;V;20;V;94;V;94;V;94;V;100;V;93;V;92;V;90;V;99;V;97;V;96;V;95;V;96;V;90;V;93;V;96;V;83;V;98;V
28;134;2;83;28134002_83_89;2026;07;02;19,4;V;18,2;V;16,9;V;15,8;V;14;V;14;V;16,9;V;21,1;V;23,6;V;25,3;V;27;V;28,9;V;30,9;V;31,8;V;32,3;V;32,6;V;32,1;V;31,1;V;30;V;28,2;V;26,4;V;24,9;V;23,7;V;22,6;V
28;134;2;86;28134002_86_89;2026;07;02;39;V;41;V;45;V;49;V;56;V;59;V;48;V;33;V;28;V;26;V;25;V;18;V;14;V;12;V;9;V;10;V;13;V;16;V;22;V;25;V;28;V;31;V;31;V;33;V
28;134;2;87;28134002_87_89;2026;07;02;944;V;945;V;945;V;945;V;945;V;945;V;945;V;945;V;945;V;945;V;945;V;944;V;944;V;943;V;943;V;942;V;942;V;942;V;942;V;943;V;944;V;944;V;945;V;945;V
28;134;2;88;28134002_88_89;2026;07;02;1;V;1;V;1;V;1;V;2;V;19;V;256;V;458;V;645;V;802;V;914;V;979;V;1003;V;964;V;882;V;442;V;149;V;52;V;33;V;10;V;1;V;1;V;1;V;1;V
28;134;2;89;28134002_89_89;2026;07;02;0;V;0;V;0;V;0;V;0;V;0;V;0;V;0;V;0;V;0;V;0;V;0;V;0;V;0;V;0;V;0;V;0;V;0;V;0;V;0;V;0;V;0;V;0;V;0;V
28;14;2;81;28014002_81_89;2026;07;02;3,2;V;3,8;V;2,8;V;3,3;V;2,7;V;3,4;V;4,4;V;3,6;V;3;V;2,1;V;1,6;V;2,2;V;3,4;V;3,8;V;3,6;V;4,2;V;5,2;V;4,6;V;4,6;V;4,5;V;3,7;V;4,1;V;3,3;V;2,5;V
28;14;2;82;28014002_82_89;2026;07;02;54;V;101;V;103;V;98;V;54;V;50;V;65;V;88;V;99;V;45;V;135;V;79;V;237;V;84;V;65;V;93;V;162;V;53;V;49;V;50;V;66;V;53;V;75;V;108;V
28;14;2;83;28014002_83_89;2026;07;02;21,5;V;19,7;V;18,6;V;17,7;V;17,2;V;18,1;V;18,6;V;19,8;V;22,1;V;25;V;27,9;V;29,7;V;30,8;V;32,1;V;33,3;V;33,8;V;33,3;V;32,6;V;31,7;V;30;V;27,7;V;26;V;24,7;V;23,5;V
28;14;2;86;28014002_86_89;2026;07;02;32;V;38;V;41;V;46;V;49;V;47;V;45;V;43;V;37;V;32;V;27;V;24;V;22;V;18;V;13;V;9;V;12;V;13;V;16;V;20;V;26;V;30;V;33;V;35;V
28;14;2;87;28014002_87_89;2026;07;02;955;V;955;V;954;V;955;V;955;V;955;V;955;V;955;V;955;V;955;V;954;V;954;V;954;V;953;V;953;V;952;V;952;V;952;V;952;V;953;V;954;V;954;V;955;V;955;V
28;14;2;88;28014002_88_89;2026;07;02;1;V;1;V;1;V;1;V;1;V;29;V;222;V;441;V;644;V;825;V;960;V;1057;V;1083;V;1028;V;919;V;777;V;577;V;362;V;127;V;12;V;1;V;1;V;1;V;1;V
28;14;2;89;28014002_89_89;2026;07;02;0;V;0;V;0;V;0;V;0;V;0;V;0;V;0;V;0;V;0;V;0;V;0;V;0;V;0;V;0;V;0;V;0;V;0;V;0;V;0;V;0;V;0;V;0;V;0;V
28;148;4;81;28148004_81_89;2026;07;02;3,6;V;2,9;V;3,2;V;3,9;V;4,4;V;3,8;V;4,7;V;4,2;V;3,8;V;3;V;2,6;V;2,8;V;3,1;V;3,5;V;3,6;V;3,9;V;4,1;V;3,8;V;3,8;V;4;V;4,2;V;4;V;4,4;V;3,2;V
28;148;4;82;28148004_82_89;2026;07;02;59;V;68;V;64;V;54;V;51;V;52;V;54;V;54;V;55;V;63;V;68;V;67;V;65;V;62;V;59;V;58;V;64;V;62;V;63;V;60;V;57;V;56;V;49;V;51;V
28;148;4;83;28148004_83_89;2026;07;02;22,3;V;20,9;V;19,7;V;19;V;18,9;V;18,6;V;19,1;V;20,7;V;23;V;26,1;V;28,8;V;30,6;V;32,2;V;33,7;V;35,1;V;35;V;34,4;V;33,9;V;32,5;V;30,8;V;29;V;27,3;V;25,9;V;24,7;V
28;148;4;86;28148004_86_89;2026;07;02;61;V;64;V;61;V;56;V;55;V;55;V;57;V;58;V;58;V;62;V;63;V;64;V;63;V;63;V;62;V;62;V;64;V;63;V;64;V;62;V;61;V;60;V;56;V;56;V
28;148;4;87;28148004_87_89;2026;07;02;959;V;959;V;959;V;959;V;958;V;959;V;959;V;960;V;960;V;960;V;961;V;960;V;960;V;959;V;958;V;958;V;958;V;957;V;958;V;958;V;959;V;960;V;960;V;960;V
28;148;4;88;28148004_88_89;2026;07;02;15;V;15;V;15;V;15;V;16;V;81;V;299;V;514;V;718;V;878;V;990;V;1066;V;1084;V;1045;V;955;V;788;V;602;V;391;V;110;V;30;V;16;V;16;V;16;V;15;V
28;148;4;89;28148004_89_89;2026;07;02;0;V;0;V;0;V;0;V;0;V;0;V;0;V;0;V;0;V;0;V;0;V;0;V;0;V;0;V;0;V;0;V;0;V;0;V;0;V;0;V;0;V;0;V;0;V;0;V
28;16;1;81;28016001_81_89;2026;07;02;1,9;V;1,3;V;3,4;V;4,1;V;3,6;V;2,2;V;3;V;1,7;V;1;V;1,2;V;2,8;V;3,6;V;2,8;V;2,4;V;2,7;V;2,4;V;2;V;2,6;V;2,4;V;3,4;V;4;V;3,3;V;1,4;V;2;V
28;16;1;82;28016001_82_89;2026;07;02;93;V;97;V;75;V;81;V;94;V;92;V;223;V;205;V;74;V;81;V;63;V;54;V;50;V;40;V;30;V;34;V;25;V;22;V;31;V;55;V;71;V;47;V;81;V;113;V
28;16;1;83;28016001_83_89;2026;07;02;18,7;V;17,7;V;14,5;V;13,3;V;12,9;V;13,8;V;14,9;V;18;V;21,5;V;24,5;V;26,9;V;28,6;V;30;V;30,9;V;31,2;V;31,2;V;31,3;V;30,6;V;28,8;V;26,1;V;24;V;23,7;V;23,2;V;22,6;V
28;16;1;86;28016001_86_89;2026;07;02;43;V;43;V;51;V;56;V;58;V;54;V;53;V;44;V;35;V;28;V;20;V;15;V;15;V;15;V;17;V;19;V;20;V;22;V;26;V;31;V;34;V;27;V;30;V;29;V
28;16;1;87;28016001_87_89;2026;07;02;907;V;907;V;907;V;907;V;907;V;907;V;907;V;908;V;908;V;908;V;907;V;907;V;907;V;907;V;906;V;906;V;906;V;906;V;906;V;907;V;907;V;908;V;908;V;908;V
28;16;1;88;28016001_88_89;2026;07;02;0;V;0;V;0;V;0;V;1;V;29;V;166;V;367;V;553;V;732;V;884;V;990;V;1036;V;993;V;896;V;754;V;570;V;365;V;131;V;16;V;0;V;0;V;0;V;0;V
28;16;1;89;28016001_89_89;2026;07;02;0;V;0;V;0;V;0;V;0;V;0;V;0;V;0;V;0;V;0;V;0;V;0;V;0;V;0;V;0;V;0;V;0;V;0;V;0;V;0;V;0;V;0;V;0;V;0;V
28;161;1;81;28161001_81_89;2026;07;02;3,4;V;4,3;V;3,7;V;3,3;V;2,6;V;3,8;V;3,8;V;4,7;V;3,8;V;3,3;V;2,6;V;2,5;V;3,4;V;3,2;V;3,6;V;3,9;V;3,9;V;4,2;V;4,1;V;3,1;V;3,3;V;4,5;V;4,4;V;3,7;V
28;161;1;82;28161001_82_89;2026;07;02;80;V;57;V;62;V;67;V;78;V;71;V;66;V;69;V;57;V;61;V;75;V;88;V;66;V;73;V;80;V;71;V;74;V;76;V;78;V;77;V;62;V;65;V;60;V;63;V
28;161;1;83;28161001_83_89;2026;07;02;23,6;V;21,9;V;20,4;V;19,5;V;19;V;18,6;V;19,5;V;20,7;V;22,4;V;24,8;V;27,7;V;30,4;V;31,9;V;33,4;V;34,7;V;35,4;V;35,4;V;34,8;V;33,7;V;31,7;V;29,7;V;28;V;26,5;V;25,2;V
28;161;1;86;28161001_86_89;2026;07;02;38;V;40;V;44;V;47;V;51;V;53;V;52;V;51;V;47;V;42;V;37;V;33;V;29;V;27;V;23;V;16;V;15;V;18;V;20;V;24;V;31;V;36;V;38;V;41;V
28;161;1;87;28161001_87_89;2026;07;02;951;V;951;V;951;V;951;V;951;V;951;V;951;V;952;V;951;V;951;V;951;V;950;V;950;V;949;V;949;V;948;V;948;V;948;V;948;V;949;V;950;V;950;V;951;V;951;V
28;161;1;88;28161001_88_89;2026;07;02;1;V;1;V;1;V;1;V;5;V;180;V;415;V;625;V;808;V;952;V;1034;V;1051;V;1025;V;938;V;812;V;664;V;472;V;253;V;93;V;13;V;1;V;1;V;1;V;1;V
28;161;1;89;28161001_89_89;2026;07;02;0;V;0;V;0;V;0;V;0;V;0;V;0;V;0;V;0;V;0;V;0;V;0;V;0;V;0;V;0;V;0;V;0;V;0;V;0;V;0;V;0;V;0;V;0;V;0;V
28;171;1;81;28171001_81_89;2026;07;02;2,1;V;2,3;V;2,3;V;3,7;V;3,4;V;2,7;V;3,3;V;3,6;V;3;V;2,8;V;2,8;V;2,7;V;3,1;V;2,9;V;2,8;V;2,5;V;2,4;V;2,2;V;2,2;V;1,9;V;2,2;V;2,4;V;2,5;V;2;V
28;171;1;82;28171001_82_89;2026;07;02;79;V;52;V;40;V;42;V;48;V;48;V;50;V;53;V;58;V;62;V;65;V;66;V;73;V;62;V;73;V;75;V;81;V;84;V;82;V;72;V;56;V;100;V;48;V;42;V
28;171;1;83;28171001_83_89;2026;07;02;22,4;V;20,8;V;20,1;V;18,9;V;18;V;17;V;19;V;21,2;V;24,2;V;26,8;V;28,9;V;30,9;V;32,5;V;33,6;V;34,9;V;35,7;V;35,8;V;34,7;V;32,9;V;30,4;V;28,2;V;27,3;V;25,8;V;24;V
28;171;1;86;28171001_86_89;2026;07;02;33;V;35;V;35;V;36;V;41;V;45;V;39;V;31;V;22;V;16;V;14;V;12;V;12;V;10;V;7;V;7;V;6;V;7;V;10;V;14;V;21;V;24;V;26;V;28;V
28;171;1;87;28171001_87_89;2026;07;02;961;V;961;V;961;V;961;V;960;V;959;V;960;V;960;V;960;V;961;V;961;V;961;V;961;V;960;V;960;V;961;V;961;V;961;V;961;V;960;V;960;V;961;V;961;V;960;V
28;171;1;88;28171001_88_89;2026;07;02;3;V;3;V;3;V;3;V;3;V;51;V;227;V;423;V;614;V;784;V;912;V;988;V;1003;V;974;V;885;V;745;V;569;V;371;V;172;V;20;V;2;V;2;V;2;V;2;V
28;171;1;89;28171001_89_89;2026;07;02;0;V;0;V;0;V;0;V;0;V;0;V;0;V;0;V;0;V;0;V;0;V;0;V;0;V;0;V;0;V;0;V;0;V;0;V;0;V;0;V;0;V;0;V;0;V;0;V
28;180;1;81;28180001_81_89;2026;07;02;1,6;V;1,8;V;1,9;V;2,4;V;2;V;2,4;V;1,7;V;1;V;1,1;V;1,2;V;1,2;V;1,2;V;1,6;V;1,7;V;1,7;V;2,8;V;2,8;V;3;V;2,8;V;2,3;V;1,7;V;1,6;V;1,6;V;1,2;V
28;180;1;82;28180001_82_89;2026;07;02;249;V;237;V;228;V;239;V;243;V;252;V;227;V;207;V;72;V;76;V;87;V;108;V;250;V;27;V;203;V;243;V;239;V;275;V;271;V;269;V;257;V;218;V;229;V;198;V
28;180;1;83;28180001_83_89;2026;07;02;21,3;V;19,3;V;17,9;V;16,5;V;15,6;V;15,5;V;17;V;19,7;V;22,5;V;25,2;V;27,4;V;29;V;30,3;V;31,9;V;32,8;V;32,9;V;32,1;V;31,5;V;31,2;V;28,8;V;26,1;V;24,9;V;23,6;V;22,6;V
28;180;1;86;28180001_86_89;2026;07;02;28;V;38;V;44;V;50;V;56;V;56;V;52;V;45;V;38;V;34;V;30;V;26;V;23;V;21;V;16;V;10;V;12;V;14;V;16;V;19;V;25;V;28;V;33;V;37;V
28;180;1;87;28180001_87_89;2026;07;02;936;V;936;V;936;V;936;V;936;V;936;V;937;V;937;V;937;V;937;V;937;V;937;V;936;V;936;V;935;V;935;V;934;V;934;V;935;V;935;V;936;V;936;V;937;V;937;V
28;180;1;88;28180001_88_89;2026;07;02;1;V;1;V;1;V;1;V;1;V;58;V;259;V;464;V;655;V;817;V;932;V;996;V;1011;V;963;V;875;V;740;V;555;V;347;V;151;V;20;V;1;V;1;V;1;V;1;V
28;180;1;89;28180001_89_89;2026;07;02;0;V;0;V;0;V;0;V;0;V;0;V;0;V;0;V;0;V;0;V;0;V;0;V;0;V;0;V;0;V;0;V;0;V;0;V;0;V;0;V;0;V;0;V;0;V;0;V
28;45;2;81;28045002_81_89;2026;07;02;2;V;1;V;1,8;V;2,1;V;2,1;V;1,2;V;0,8;V;3;V;3,6;V;3,6;V;3,6;V;3,7;V;3,2;V;3,5;V;2,7;V;3,1;V;3,4;V;4;V;4;V;3,7;V;3,7;V;2,7;V;2,2;V;2,2;V
28;45;2;82;28045002_82_89;2026;07;02;65;V;80;V;67;V;50;V;41;V;349;V;21;V;47;V;53;V;54;V;60;V;58;V;58;V;55;V;62;V;66;V;66;V;60;V;59;V;51;V;43;V;47;V;43;V;53;V
28;45;2;83;28045002_83_89;2026;07;02;19,2;V;18,2;V;16,1;V;15,1;V;14,6;V;14,8;V;18,3;V;20,4;V;21,9;V;24;V;25,5;V;27,2;V;28,6;V;29,8;V;30,9;V;31,6;V;31,6;V;30,9;V;29,7;V;27,8;V;25,6;V;24,1;V;23,1;V;22;V
28;45;2;86;28045002_86_89;2026;07;02;43;V;45;V;50;V;52;V;52;V;54;V;45;V;33;V;30;V;28;V;28;V;24;V;20;V;19;V;17;V;17;V;19;V;22;V;27;V;30;V;32;V;34;V;31;V;32;V
28;45;2;87;28045002_87_89;2026;07;02;922;V;922;V;922;V;922;V;922;V;922;V;922;V;922;V;922;V;922;V;922;V;922;V;922;V;922;V;922;V;921;V;921;V;921;V;922;V;922;V;922;V;922;V;922;V;923;V
28;45;2;88;28045002_88_89;2026;07;02;1;V;1;V;1;V;1;V;3;V;34;V;128;V;421;V;665;V;863;V;1017;V;1128;V;1181;V;1135;V;1018;V;847;V;639;V;407;V;115;V;34;V;1;V;1;V;1;V;1;V
28;45;2;89;28045002_89_89;2026;07;02;0;V;0;V;0;V;0;V;0;V;0;V;0;V;0;V;0;V;0;V;0;V;0;V;0;V;0;V;0;V;0;V;0;V;0;V;0;V;0;V;0;V;0;V;0;V;0;V
28;47;2;81;28047002_81_89;2026;07;02;0,4;V;0,5;V;0,4;V;0,3;V;1,2;V;2,1;V;2,3;V;1,7;V;0,9;V;0,8;V;1,4;V;1,8;V;1,5;V;1,6;V;1,5;V;1,2;V;2,1;V;2,8;V;2,9;V;2,1;V;0,9;V;1,2;V;1,2;V;0,8;V
28;47;2;82;28047002_82_89;2026;07;02;37;V;53;V;35;V;24;V;21;V;23;V;24;V;22;V;56;V;62;V;34;V;40;V;37;V;44;V;54;V;52;V;37;V;46;V;46;V;34;V;32;V;22;V;21;V;36;V
28;47;2;83;28047002_83_89;2026;07;02;19,5;V;18,6;V;17,3;V;16,2;V;15,3;V;15,5;V;16,5;V;20,1;V;23,6;V;26,4;V;28,7;V;30,2;V;31,1;V;32,8;V;33,4;V;34;V;33,3;V;32,6;V;30,3;V;28,8;V;26,8;V;25,6;V;24;V;22,7;V
28;47;2;86;28047002_86_89;2026;07;02;42;V;45;V;48;V;52;V;53;V;51;V;49;V;38;V;28;V;23;V;21;V;21;V;20;V;18;V;14;V;12;V;13;V;16;V;20;V;26;V;28;V;30;V;32;V;35;V
28;47;2;87;28047002_87_89;2026;07;02;923;V;924;V;924;V;924;V;924;V;924;V;924;V;924;V;924;V;924;V;924;V;923;V;923;V;923;V;922;V;922;V;922;V;921;V;922;V;922;V;923;V;924;V;924;V;924;V
28;47;2;88;28047002_88_89;2026;07;02;0;V;0;V;0;V;0;V;1;V;59;V;245;V;462;V;682;V;870;V;1016;V;1107;V;1132;V;1096;V;1007;V;854;V;657;V;420;V;201;V;28;V;0;V;0;V;0;V;0;V
28;47;2;89;28047002_89_89;2026;07;02;0;V;0;V;0;V;0;V;0;V;0;V;0;V;0;V;0;V;0;V;0;V;0;V;0;V;0;V;0;V;0;V;0;V;0;V;0;V;0;V;0;V;0;V;0;V;0;V
28;49;3;81;28049003_81_89;2026;07;02;0,6;V;0,6;V;0,5;V;0,6;V;0,5;V;0,6;V;1,2;V;1,4;V;1,1;V;0,7;V;0,7;V;0,6;V;0,9;V;0,8;V;0,9;V;1,2;V;1;V;1,1;V;1;V;1,2;V;1,1;V;0,7;V;1;V;0,6;V
28;49;3;82;28049003_82_89;2026;07;02;103;V;118;V;127;V;110;V;91;V;94;V;90;V;85;V;91;V;96;V;92;V;94;V;98;V;103;V;100;V;100;V;119;V;104;V;104;V;101;V;97;V;101;V;88;V;89;V
28;49;3;83;28049003_83_89;2026;07;02;21,1;V;20;V;18,8;V;18,1;V;17,6;V;17,4;V;18,2;V;19,7;V;22,3;V;25,6;V;29;V;31,8;V;33,6;V;35,4;V;36,6;V;36,3;V;35,6;V;34,4;V;33,1;V;30;V;27,7;V;25,9;V;24,6;V;23,3;V
28;49;3;86;28049003_86_89;2026;07;02;36;V;38;V;43;V;44;V;45;V;45;V;46;V;44;V;38;V;33;V;28;V;23;V;18;V;16;V;9;V;9;V;12;V;14;V;18;V;23;V;27;V;31;V;34;V;36;V
28;49;3;87;28049003_87_89;2026;07;02;953;V;954;V;954;V;954;V;954;V;954;V;954;V;954;V;954;V;954;V;953;V;952;V;951;V;950;V;949;V;948;V;948;V;948;V;948;V;949;V;951;V;953;V;954;V;954;V
28;49;3;88;28049003_88_89;2026;07;02;0;V;0;V;0;V;0;V;0;V;11;V;42;V;325;V;709;V;884;V;1014;V;1098;V;1127;V;1090;V;1004;V;843;V;642;V;422;V;204;V;30;V;0;V;0;V;0;V;0;V
28;49;3;89;28049003_89_89;2026;07;02;0;V;0;V;0;V;0;V;0;V;0;V;0;V;0;V;0;V;0;V;0;V;0;V;0;V;0;V;0;V;0;V;0;V;0;V;0;V;0;V;0;V;0;V;0;V;0;V
28;5;2;81;28005002_81_89;2026;07;02;2,5;V;2,3;V;2,2;V;2,5;V;2;V;2,5;V;2,7;V;2,7;V;2,5;V;2,1;V;2,2;V;2;V;2,2;V;2,1;V;2,6;V;2,7;V;2,7;V;3,1;V;2,7;V;2,5;V;2,3;V;2,6;V;2;V;2,1;V
28;5;2;82;28005002_82_89;2026;07;02;59;V;76;V;57;V;46;V;46;V;46;V;43;V;31;V;36;V;34;V;30;V;35;V;31;V;36;V;39;V;39;V;44;V;61;V;39;V;34;V;41;V;44;V;36;V;45;V
28;5;2;83;28005002_83_89;2026;07;02;20,9;V;19,4;V;18,4;V;17,6;V;17,5;V;17,4;V;17,9;V;19,5;V;21,8;V;24,7;V;26,9;V;28,5;V;30,1;V;31,8;V;32,7;V;32,7;V;32,3;V;31,7;V;30,7;V;29,1;V;27,4;V;25,9;V;24,5;V;23,3;V
28;5;2;86;28005002_86_89;2026;07;02;41;V;45;V;48;V;50;V;49;V;51;V;52;V;49;V;44;V;39;V;35;V;31;V;27;V;21;V;14;V;16;V;19;V;21;V;26;V;29;V;32;V;34;V;37;V;39;V
28;5;2;87;28005002_87_89;2026;07;02;960;V;961;V;961;V;961;V;961;V;961;V;961;V;961;V;961;V;960;V;960;V;960;V;959;V;959;V;958;V;958;V;958;V;958;V;958;V;959;V;960;V;960;V;961;V;961;V
28;5;2;88;28005002_88_89;2026;07;02;0;V;0;V;0;V;0;V;1;V;38;V;174;V;385;V;578;V;750;V;884;V;988;V;1035;V;1012;V;930;V;778;V;312;V;36;V;20;V;6;V;0;V;0;V;0;V;0;V
28;5;2;89;28005002_89_89;2026;07;02;0;V;0;V;0;V;0;V;0;V;0;V;0;V;0;V;0;V;0;V;0;V;0;V;0;V;0;V;0;V;0;V;0;V;0;V;0;V;0;V;0;V;0;V;0;V;0;V
28;58;4;81;28058004_81_89;2026;07;02;3,9;V;4,6;V;4;V;3,7;V;3,2;V;3,3;V;3,6;V;3,9;V;4;V;3,1;V;3,4;V;3;V;2,9;V;3,3;V;3,4;V;3,6;V;3,9;V;4,1;V;3,4;V;3,3;V;3,4;V;3,3;V;3,7;V;3,6;V
28;58;4;82;28058004_82_89;2026;07;02;107;V;66;V;124;V;146;V;179;V;184;V;186;V;137;V;110;V;166;V;87;V;43;V;171;V;260;V;352;V;195;V;88;V;68;V;78;V;83;V;121;V;188;V;196;V;202;V
28;58;4;83;28058004_83_89;2026;07;02;21,5;V;19,9;V;18,5;V;18;V;17,4;V;17,4;V;18,5;V;20,5;V;22,9;V;25,7;V;27,3;V;29,5;V;31,6;V;32,8;V;33,5;V;34,5;V;33,7;V;32,1;V;30,4;V;29;V;27,4;V;26;V;24,7;V;23,3;V
28;58;4;86;28058004_86_89;2026;07;02;27;V;30;V;33;V;33;V;35;V;35;V;34;V;31;V;28;V;24;V;22;V;20;V;16;V;13;V;12;V;7;V;8;V;11;V;14;V;18;V;21;V;24;V;25;V;28;V
28;58;4;87;28058004_87_89;2026;07;02;945;V;946;V;946;V;945;V;945;V;946;V;946;V;946;V;946;V;946;V;946;V;946;V;945;V;945;V;944;V;944;V;943;V;943;V;943;V;944;V;945;V;945;V;946;V;946;V
28;58;4;88;28058004_88_89;2026;07;02;1;V;1;V;2;V;2;V;2;V;50;V;210;V;391;V;571;V;728;V;847;V;917;V;937;V;912;V;829;V;689;V;385;V;334;V;22;V;7;V;1;V;1;V;1;V;1;V
28;58;4;89;28058004_89_89;2026;07;02;0;V;0;V;0;V;0;V;0;V;0;V;0;V;0;V;0;V;0;V;0;V;0;V;0;V;0;V;0;V;0;V;0;V;0;V;0;V;0;V;0;V;0;V;0;V;0;V
28;6;4;81;28006004_81_89;2026;07;02;2,4;V;3,5;V;2,9;V;2,2;V;2,3;V;2,2;V;1,9;V;3,2;V;3,7;V;3,2;V;3,1;V;3,2;V;3,1;V;3,2;V;3,5;V;3,8;V;4;V;4,7;V;3,3;V;3,3;V;3,3;V;3,2;V;3;V;3,6;V
28;6;4;82;28006004_82_89;2026;07;02;92;V;90;V;92;V;81;V;83;V;98;V;92;V;88;V;87;V;91;V;91;V;91;V;96;V;83;V;95;V;93;V;96;V;92;V;92;V;90;V;85;V;83;V;82;V;87;V
28;6;4;83;28006004_83_89;2026;07;02;21,7;V;20,3;V;19,4;V;18,7;V;17,8;V;16,9;V;18,4;V;21,5;V;23,6;V;25,3;V;27;V;29;V;30,9;V;32,3;V;33,4;V;34;V;33,6;V;32,7;V;31,7;V;30,1;V;28,4;V;27,2;V;26;V;24,7;V
28;6;4;86;28006004_86_89;2026;07;02;40;V;41;V;44;V;47;V;50;V;53;V;49;V;38;V;33;V;31;V;31;V;24;V;18;V;15;V;13;V;13;V;15;V;19;V;24;V;27;V;30;V;32;V;33;V;35;V
28;6;4;87;28006004_87_89;2026;07;02;934;V;934;V;934;V;934;V;934;V;934;V;935;V;935;V;935;V;934;V;934;V;934;V;933;V;933;V;932;V;932;V;932;V;931;V;932;V;932;V;933;V;934;V;934;V;935;V
28;6;4;88;28006004_88_89;2026;07;02;4;V;4;V;4;V;4;V;6;V;45;V;89;V;320;V;558;V;760;V;813;V;933;V;997;V;946;V;850;V;799;V;674;V;394;V;112;V;19;V;4;V;4;V;4;V;4;V
28;6;4;89;28006004_89_89;2026;07;02;0;V;0;V;0;V;0;V;0;V;0;V;0;V;0;V;0;V;0;V;0;V;0;V;0;V;0;V;0;V;0;V;0;V;0;V;0;V;0;V;0;V;0;V;0;V;0;V
28;65;14;81;28065014_81_89;2026;07;02;2;V;2,4;V;2,3;V;2,8;V;2,4;V;2,5;V;2,6;V;2,8;V;2,4;V;2;V;1,8;V;1,8;V;2,1;V;2,1;V;2,2;V;2;V;2,3;V;2,2;V;2,3;V;1,8;V;2,5;V;3,3;V;3,2;V;2,4;V
28;65;14;82;28065014_82_89;2026;07;02;83;V;83;V;85;V;78;V;92;V;86;V;84;V;88;V;91;V;94;V;103;V;94;V;93;V;97;V;92;V;93;V;85;V;88;V;81;V;81;V;80;V;79;V;90;V;97;V
28;65;14;83;28065014_83_89;2026;07;02;22;V;20,5;V;19,1;V;18,6;V;18,3;V;18,1;V;18,7;V;20,4;V;22,3;V;24,2;V;26,2;V;28,6;V;30,4;V;32,3;V;33,5;V;34,2;V;33,8;V;32,8;V;31,4;V;29,8;V;28,2;V;26,5;V;25,1;V;23,9;V
28;65;14;86;28065014_86_89;2026;07;02;32;V;34;V;38;V;39;V;40;V;40;V;40;V;39;V;35;V;32;V;29;V;26;V;21;V;18;V;13;V;9;V;11;V;14;V;17;V;21;V;25;V;28;V;30;V;33;V
28;65;14;87;28065014_87_89;2026;07;02;954;V;954;V;954;V;954;V;954;V;954;V;954;V;955;V;955;V;954;V;954;V;954;V;953;V;953;V;952;V;952;V;951;V;951;V;952;V;952;V;953;V;953;V;954;V;955;V
28;65;14;88;28065014_88_89;2026;07;02;0;V;0;V;0;V;0;V;0;V;10;V;102;V;375;V;602;V;802;V;954;V;1068;V;1127;V;1089;V;981;V;837;V;628;V;399;V;112;V;0;V;0;V;0;V;0;V;0;V
28;65;14;89;28065014_89_89;2026;07;02;0;V;0;V;0;V;0;V;0;V;0;V;0;V;0;V;0;V;0;V;0;V;0;V;0;V;0;V;0;V;0;V;0;V;0;V;0;V;0;V;0;V;0;V;0;V;0;V
28;67;1;81;28067001_81_89;2026;07;02;0,3;V;0,3;V;0,3;V;0,3;V;0,3;V;0,3;V;0,4;V;1,1;V;1,6;V;1,9;V;2,3;V;2,8;V;2,5;V;2,6;V;2,2;V;2,4;V;2,3;V;1,6;V;1,5;V;1,9;V;1,1;V;0,4;V;0,4;V;0,3;V
28;67;1;82;28067001_82_89;2026;07;02;326;V;325;V;328;V;280;V;325;V;12;V;144;V;141;V;117;V;106;V;122;V;135;V;120;V;141;V;141;V;118;V;55;V;63;V;67;V;103;V;109;V;128;V;162;V;239;V
28;67;1;83;28067001_83_89;2026;07;02;17,1;V;15,5;V;13,9;V;12,7;V;11,5;V;11,6;V;15,5;V;19,4;V;22,4;V;24,8;V;26,4;V;28,2;V;29,6;V;30,6;V;31,8;V;32,4;V;32,7;V;32,5;V;31,4;V;28,2;V;25,7;V;23,4;V;21,9;V;19;V
28;67;1;86;28067001_86_89;2026;07;02;54;V;58;V;63;V;65;V;68;V;68;V;57;V;45;V;34;V;30;V;30;V;23;V;20;V;19;V;18;V;19;V;21;V;22;V;24;V;31;V;35;V;39;V;38;V;44;V
28;67;1;87;28067001_87_89;2026;07;02;927;V;927;V;927;V;927;V;928;V;928;V;928;V;928;V;928;V;927;V;927;V;927;V;927;V;926;V;926;V;925;V;925;V;925;V;925;V;926;V;927;V;928;V;928;V;928;V
28;67;1;88;28067001_88_89;2026;07;02;1;V;1;V;1;V;1;V;1;V;26;V;151;V;407;V;625;V;826;V;1009;V;1146;V;1205;V;1195;V;1100;V;929;V;710;V;396;V;239;V;25;V;1;V;1;V;1;V;1;V
28;67;1;89;28067001_89_89;2026;07;02;0;V;0;V;0;V;0;V;0;V;0;V;0;V;0;V;0;V;0;V;0;V;0;V;0;V;0;V;0;V;0;V;0;V;0;V;0;V;0;V;0;V;0;V;0;V;0;V
28;7;4;81;28007004_81_89;2026;07;02;3,4;V;3,5;V;3,5;V;3,7;V;4,2;V;4,1;V;3,8;V;3,8;V;3,5;V;3,3;V;3,1;V;3,4;V;3,4;V;3,6;V;3,1;V;3,3;V;3;V;2,8;V;2,8;V;3,1;V;3,2;V;4;V;3,8;V;4;V
28;7;4;82;28007004_82_89;2026;07;02;93;V;93;V;93;V;78;V;68;V;63;V;74;V;78;V;88;V;83;V;86;V;85;V;88;V;84;V;95;V;91;V;93;V;102;V;94;V;90;V;91;V;77;V;76;V;77;V
28;7;4;83;28007004_83_89;2026;07;02;24,6;V;23,2;V;22,2;V;21,1;V;20,4;V;20,2;V;21,7;V;22,8;V;24,9;V;26,7;V;28,6;V;30,6;V;32,8;V;34,3;V;35,8;V;36,3;V;36,2;V;35,5;V;34,3;V;32,2;V;30,5;V;29,3;V;28;V;26,8;V
28;7;4;86;28007004_86_89;2026;07;02;33;V;34;V;38;V;41;V;43;V;44;V;39;V;37;V;33;V;30;V;29;V;26;V;22;V;17;V;15;V;12;V;14;V;16;V;20;V;25;V;28;V;30;V;32;V;33;V
28;7;4;87;28007004_87_89;2026;07;02;940;V;941;V;939;V;940;V;939;V;940;V;941;V;940;V;941;V;941;V;941;V;940;V;940;V;940;V;939;V;939;V;938;V;938;V;938;V;939;V;940;V;941;V;940;V;941;V
28;7;4;88;28007004_88_89;2026;07;02;34;V;34;V;34;V;34;V;34;V;65;V;239;V;463;V;667;V;836;V;965;V;1047;V;1071;V;1050;V;947;V;810;V;624;V;418;V;215;V;62;V;34;V;34;V;34;V;34;V
28;7;4;89;28007004_89_89;2026;07;02;0;V;0;V;0;V;0;V;0;V;0;V;0;V;0;V;0;V;0;V;0;V;0;V;0;V;0;V;0;V;0;V;0;V;0;V;0;V;0;V;0;V;0;V;0;V;0;V
28;74;7;81;28074007_81_89;2026;07;02;2,4;V;2,2;V;2,3;V;3,1;V;2,7;V;2,5;V;2,8;V;3,1;V;3,1;V;2,8;V;2,8;V;2,5;V;2,9;V;3;V;3;V;2,8;V;2,5;V;2,2;V;2,2;V;2,4;V;2,9;V;3,3;V;3,4;V;3,1;V
28;74;7;82;28074007_82_89;2026;07;02;145;V;152;V;169;V;199;V;206;V;181;V;180;V;170;V;170;V;171;V;158;V;149;V;182;V;155;V;159;V;148;V;143;V;129;V;149;V;145;V;150;V;175;V;156;V;162;V
28;74;7;83;28074007_83_89;2026;07;02;24,3;V;23;V;21,7;V;20,8;V;20,3;V;20,5;V;21,3;V;22,8;V;25,2;V;27,5;V;29,5;V;32,2;V;34;V;35,4;V;36,4;V;36,8;V;36,4;V;35,7;V;34,9;V;32,5;V;30,5;V;28,9;V;27,6;V;26,3;V
28;74;7;86;28074007_86_89;2026;07;02;31;V;33;V;37;V;39;V;41;V;41;V;39;V;38;V;33;V;30;V;27;V;24;V;19;V;15;V;12;V;9;V;11;V;14;V;17;V;21;V;25;V;27;V;29;V;31;V
28;74;7;87;28074007_87_89;2026;07;02;951;V;952;V;952;V;952;V;952;V;953;V;953;V;953;V;953;V;952;V;952;V;952;V;951;V;951;V;951;V;950;V;950;V;950;V;950;V;950;V;951;V;951;V;952;V;953;V
28;74;7;88;28074007_88_89;2026;07;02;7;V;8;V;8;V;8;V;8;V;30;V;193;V;420;V;612;V;780;V;909;V;985;V;1010;V;982;V;898;V;771;V;592;V;402;V;178;V;19;V;7;V;7;V;7;V;8;V
28;74;7;89;28074007_89_89;2026;07;02;0;V;0;V;0;V;0;V;0;V;0;V;0;V;0;V;0;V;0;V;0;V;0;V;0;V;0;V;0;V;0;V;0;V;0;V;0;V;0;V;0;V;0;V;0;V;0;V
28;80;3;81;28080003_81_89;2026;07;02;4;V;4;V;4,7;V;4;V;4,2;V;4,3;V;4,5;V;4,5;V;4,6;V;4,1;V;3,9;V;4,1;V;4,3;V;3,3;V;3,8;V;3,7;V;3,2;V;3,4;V;3,5;V;3,3;V;3,3;V;3,9;V;4,4;V;4,1;V
28;80;3;82;28080003_82_89;2026;07;02;64;V;65;V;62;V;69;V;77;V;82;V;72;V;76;V;64;V;75;V;82;V;81;V;76;V;97;V;79;V;88;V;93;V;80;V;75;V;77;V;64;V;64;V;61;V;64;V
28;80;3;83;28080003_83_89;2026;07;02;20,8;V;19,7;V;18,3;V;17;V;16,1;V;16;V;17,1;V;19,5;V;22;V;23,9;V;25,5;V;27,1;V;28,8;V;30,8;V;31,6;V;32,1;V;32,3;V;31,8;V;30,5;V;28,8;V;27,2;V;25,9;V;24,8;V;23,7;V
28;80;3;86;28080003_86_89;2026;07;02;40;V;40;V;44;V;48;V;51;V;52;V;49;V;41;V;35;V;33;V;33;V;29;V;23;V;21;V;19;V;17;V;19;V;21;V;25;V;31;V;33;V;34;V;34;V;36;V
28;80;3;87;28080003_87_89;2026;07;02;941;V;942;V;942;V;942;V;942;V;942;V;942;V;942;V;942;V;942;V;942;V;942;V;941;V;941;V;941;V;940;V;940;V;940;V;940;V;941;V;941;V;942;V;942;V;943;V
28;80;3;88;28080003_88_89;2026;07;02;1;V;1;V;1;V;1;V;1;V;38;V;233;V;450;V;644;V;815;V;943;V;1033;V;1063;V;987;V;867;V;708;V;509;V;303;V;88;V;7;V;1;V;1;V;1;V;1;V
28;80;3;89;28080003_89_89;2026;07;02;0;V;0;V;0;V;0;V;0;V;0;V;0;V;0;V;0;V;0;V;0;V;0;V;0;V;0;V;0;V;0;V;0;V;0;V;0;V;0;V;0;V;0;V;0;V;0;V
28;9;1;81;28009001_81_89;2026;07;02;5,6;V;4,3;V;4,5;V;3,1;V;2,1;V;2,9;V;3,7;V;3,7;V;3,5;V;2,8;V;2,6;V;3,4;V;3,6;V;3,6;V;3,5;V;3,8;V;3,8;V;4,3;V;4,1;V;4,3;V;3,4;V;3,6;V;2,9;V;3;V
28;9;1;82;28009001_82_89;2026;07;02;74;V;81;V;86;V;93;V;108;V;167;V;90;V;62;V;65;V;66;V;70;V;67;V;70;V;65;V;70;V;67;V;69;V;66;V;70;V;71;V;70;V;61;V;65;V;65;V
28;9;1;83;28009001_83_89;2026;07;02;18,5;V;17,4;V;16,7;V;15,8;V;14,7;V;15,3;V;17,1;V;18,9;V;20,8;V;22,9;V;25,1;V;26,7;V;28,5;V;30;V;31,2;V;31,4;V;31;V;30,3;V;29,3;V;27,5;V;25,6;V;24,3;V;23;V;21,4;V
28;9;1;86;28009001_86_89;2026;07;02;43;V;45;V;46;V;48;V;51;V;53;V;51;V;47;V;42;V;38;V;34;V;27;V;24;V;19;V;16;V;17;V;19;V;23;V;27;V;30;V;32;V;34;V;36;V;38;V
28;9;1;87;28009001_87_89;2026;07;02;941;V;941;V;942;V;942;V;942;V;942;V;942;V;942;V;942;V;942;V;942;V;941;V;941;V;940;V;940;V;940;V;939;V;939;V;939;V;940;V;941;V;941;V;942;V;943;V
28;9;1;88;28009001_88_89;2026;07;02;4;V;4;V;4;V;4;V;6;V;83;V;279;V;491;V;699;V;872;V;996;V;1069;V;1090;V;1051;V;950;V;792;V;600;V;387;V;191;V;33;V;4;V;4;V;4;V;4;V
28;9;1;89;28009001_89_89;2026;07;02;0;V;0;V;0;V;0;V;0;V;0;V;0;V;0;V;0;V;0;V;0;V;0;V;0;V;0;V;0;V;0;V;0;V;0;V;0;V;0;V;0;V;0;V;0;V;0;V
28;92;5;81;28092005_81_89;2026;07;02;1,9;V;1,8;V;1,8;V;1,7;V;1,5;V;1,5;V;1,6;V;1,6;V;1,7;V;1,6;V;1,6;V;1,7;V;1,7;V;1,8;V;1,6;V;1,6;V;1,6;V;1,5;V;1,4;V;1,7;V;1,8;V;2;V;1,8;V;1,9;V
28;92;5;82;28092005_82_89;2026;07;02;56;V;58;V;60;V;38;V;31;V;28;V;38;V;50;V;43;V;44;V;46;V;42;V;51;V;48;V;47;V;55;V;46;V;57;V;56;V;56;V;56;V;45;V;43;V;43;V
28;92;5;83;28092005_83_89;2026;07;02;24;V;22,5;V;21,4;V;20,2;V;19;V;18,5;V;18,8;V;21,7;V;25,2;V;28;V;29,9;V;32,1;V;34,2;V;35,6;V;36,7;V;36,5;V;36;V;35,1;V;33,3;V;30,9;V;29,4;V;28,2;V;26,8;V;25,7;V
28;92;5;86;28092005_86_89;2026;07;02;29;V;29;V;33;V;38;V;42;V;47;V;45;V;37;V;30;V;26;V;24;V;22;V;18;V;13;V;12;V;9;V;10;V;12;V;16;V;21;V;24;V;26;V;29;V;29;V
28;92;5;87;28092005_87_89;2026;07;02;946;V;946;V;946;V;946;V;946;V;946;V;947;V;947;V;947;V;947;V;946;V;946;V;946;V;946;V;946;V;945;V;945;V;945;V;945;V;945;V;946;V;946;V;947;V;947;V
28;92;5;88;28092005_88_89;2026;07;02;0;V;0;V;0;V;1;V;2;V;15;V;76;V;492;V;693;V;865;V;988;V;1057;V;1068;V;1041;V;932;V;794;V;608;V;403;V;199;V;34;V;1;V;0;V;0;V;0;V
28;92;5;89;28092005_89_89;2026;07;02;0;V;0;V;0;V;0;V;0;V;0;V;0;V;0;V;0;V;0;V;0;V;0;V;0;V;0;V;0;V;0;V;0;V;0;V;0;V;0;V;0;V;0;V;0;V;0;V
28;102;1;81;28102001_81_89;2026;07;03;5,8;V;4,6;V;3,8;V;3,7;V;3,3;V;2,9;V;2,5;V;2;V;2,1;V;2;V;2,1;V;2,3;V;2;V;2,8;V;2,4;V;2,3;V;2,1;V;1,9;V;1,1;V;2,1;V;2,5;V;2,1;V;3,2;V;3,1;V
28;102;1;82;28102001_82_89;2026;07;03;54;V;60;V;44;V;44;V;50;V;48;V;37;V;54;V;118;V;112;V;130;V;145;V;219;V;170;V;140;V;137;V;139;V;154;V;201;V;277;V;328;V;23;V;51;V;42;V
28;102;1;83;28102001_83_89;2026;07;03;21;V;20,3;V;19,4;V;18,6;V;18,2;V;18,4;V;20,4;V;23,4;V;26,4;V;28,3;V;29,3;V;30,9;V;31,9;V;32,9;V;33,3;V;33,9;V;34,2;V;34,2;V;34,2;V;32,8;V;31,7;V;30,2;V;27,8;V;25,9;V
28;102;1;86;28102001_86_89;2026;07;03;45;V;47;V;50;V;52;V;54;V;54;V;48;V;41;V;32;V;23;V;25;V;21;V;19;V;17;V;15;V;14;V;13;V;10;V;11;V;14;V;17;V;18;V;21;V;28;V
28;102;1;87;28102001_87_89;2026;07;03;931;V;931;V;931;V;931;V;931;V;932;V;932;V;932;V;932;V;932;V;932;V;932;V;932;V;931;V;931;V;930;V;930;V;930;V;930;V;930;V;930;V;931;V;931;V;931;V
28;102;1;88;28102001_88_89;2026;07;03;2;V;2;V;2;V;2;V;4;V;37;V;210;V;401;V;580;V;729;V;843;V;916;V;932;V;893;V;806;V;675;V;512;V;307;V;71;V;17;V;2;V;2;V;2;V;2;V
28;102;1;89;28102001_89_89;2026;07;03;0;V;0;V;0;V;0;V;0;V;0;V;0;V;0;V;0;V;0;V;0;V;0;V;0;V;0;V;0;V;0;V;0;V;0;V;0;V;0;V;0;V;0;V;0;V;0;V
28;106;1;81;28106001_81_89;2026;07;03;4,3;V;3,6;V;3,7;V;3,1;V;2,2;V;2,3;V;2,5;V;3,1;V;2,5;V;1,6;V;1,2;V;1,1;V;1;V;1,2;V;1,1;V;0,9;V;0,8;V;1;V;0,7;V;0,6;V;0,2;V;0,1;V;1,1;V;3,2;V
28;106;1;82;28106001_82_89;2026;07;03;34;V;36;V;36;V;35;V;32;V;32;V;34;V;37;V;41;V;63;V;66;V;80;V;55;V;80;V;154;V;281;V;75;V;173;V;87;V;103;V;173;V;162;V;53;V;32;V
28;106;1;83;28106001_83_89;2026;07;03;24,7;V;23,8;V;23;V;22,4;V;21,8;V;21,7;V;22,8;V;24,2;V;27;V;30,1;V;32,6;V;34,5;V;36;V;37;V;38;V;38,1;V;39,2;V;39;V;38,6;V;36,3;V;33,9;V;31,6;V;31;V;29,9;V
28;106;1;86;28106001_86_89;2026;07;03;35;V;36;V;38;V;40;V;41;V;42;V;40;V;38;V;33;V;26;V;21;V;19;V;15;V;14;V;13;V;13;V;12;V;12;V;12;V;14;V;16;V;20;V;20;V;25;V
28;106;1;87;28106001_87_89;2026;07;03;947;V;947;V;947;V;947;V;947;V;947;V;948;V;948;V;948;V;948;V;948;V;948;V;947;V;947;V;946;V;945;V;945;V;945;V;945;V;945;V;945;V;946;V;946;V;947;V
28;106;1;88;28106001_88_89;2026;07;03;1;V;1;V;1;V;1;V;2;V;14;V;20;V;35;V;476;V;755;V;882;V;958;V;976;V;946;V;856;V;721;V;554;V;369;V;172;V;17;V;1;V;1;V;1;V;1;V
28;106;1;89;28106001_89_89;2026;07;03;0;V;0;V;0;V;0;V;0;V;0;V;0;V;0;V;0;V;0;V;0;V;0;V;0;V;0;V;0;V;0;V;0;V;0;V;0;V;0;V;0;V;0;V;0;V;0;V
28;115;3;81;28115003_81_89;2026;07;03;1,2;V;0,6;V;0,5;V;0,3;V;0,1;V;0,1;V;0,2;V;0,4;V;0,3;V;0,4;V;0,3;V;0,4;V;0,3;V;0,4;V;0,3;V;0,3;V;0,2;V;0,1;V;0,1;V;0,1;V;0,1;V;0,1;V;0,1;V;0,2;V
28;115;3;82;28115003_82_89;2026;07;03;81;V;69;V;57;V;31;V;18;V;344;V;0;V;43;V;43;V;27;V;27;V;59;V;26;V;11;V;5;V;29;V;70;V;351;V;91;V;148;V;243;V;233;V;74;V;22;V
28;115;3;83;28115003_83_89;2026;07;03;23;V;22,4;V;21,6;V;20,6;V;19,3;V;18,7;V;20,3;V;23,5;V;25,9;V;28,4;V;30;V;31,7;V;32,8;V;33,4;V;34;V;34,4;V;33,9;V;33,5;V;32,8;V;29,7;V;26,1;V;23,7;V;24,4;V;25,5;V
28;115;3;86;28115003_86_89;2026;07;03;36;V;37;V;39;V;42;V;44;V;48;V;45;V;40;V;36;V;32;V;27;V;24;V;23;V;22;V;20;V;19;V;18;V;17;V;18;V;24;V;30;V;33;V;33;V;39;V
28;115;3;87;28115003_87_89;2026;07;03;947;V;947;V;948;V;948;V;948;V;948;V;948;V;948;V;948;V;948;V;948;V;948;V;947;V;947;V;946;V;946;V;945;V;945;V;945;V;945;V;946;V;946;V;947;V;947;V
28;115;3;88;28115003_88_89;2026;07;03;1;V;1;V;1;V;1;V;2;V;30;V;127;V;311;V;468;V;797;V;826;V;963;V;935;V;925;V;804;V;662;V;71;V;37;V;28;V;8;V;1;V;1;V;1;V;1;V
28;115;3;89;28115003_89_89;2026;07;03;0;V;0;V;0;V;0;V;0;V;0;V;0;V;0;V;0;V;0;V;0;V;0;V;0;V;0;V;0;V;0;V;0;V;0;V;0;V;0;V;0;V;0;V;0;V;0;V
28;120;1;81;28120001_81_89;2026;07;03;1,4;V;1,7;V;1,8;V;1,6;V;1,2;V;1,3;V;1,1;V;1,5;V;2,2;V;2,1;V;1,6;V;1,8;V;1,9;V;1,3;V;1,4;V;1,1;V;1,9;V;1,5;V;1,4;V;1,9;V;1,9;V;2;V;2,1;V;2,2;V
28;120;1;82;28120001_82_89;2026;07;03;66;V;46;V;43;V;55;V;60;V;64;V;63;V;113;V;150;V;170;V;198;V;198;V;166;V;184;V;159;V;176;V;182;V;188;V;8;V;29;V;20;V;20;V;22;V;20;V
28;120;1;83;28120001_83_89;2026;07;03;16;V;16,1;V;16,4;V;15,7;V;14,3;V;14,3;V;15,4;V;18;V;19,9;V;21,5;V;22,4;V;23,2;V;24;V;24;V;24,1;V;24,1;V;25;V;24,9;V;22,2;V;19,2;V;18,6;V;18,5;V;16,8;V;16,7;V
28;120;1;86;28120001_86_89;2026;07;03;31;V;30;V;32;V;32;V;34;V;38;V;44;V;41;V;38;V;34;V;37;V;37;V;35;V;34;V;33;V;30;V;30;V;29;V;34;V;40;V;42;V;44;V;46;V;45;V
28;120;1;87;28120001_87_89;2026;07;03;822;V;822;V;822;V;822;V;822;V;822;V;822;V;823;V;823;V;823;V;823;V;823;V;823;V;823;V;823;V;823;V;823;V;823;V;823;V;823;V;824;V;824;V;824;V;824;V
28;120;1;88;28120001_88_89;2026;07;03;1;V;1;V;1;V;1;V;2;V;20;V;273;V;658;V;893;V;1078;V;1203;V;1269;V;1244;V;770;V;591;V;541;V;791;V;527;V;47;V;12;V;1;V;1;V;1;V;1;V
28;120;1;89;28120001_89_89;2026;07;03;0;V;0;V;0;V;0;V;0;V;0;V;0;V;0;V;0;V;0;V;0;V;0;V;0;V;0;V;0;V;0;V;0;V;0;V;0;V;0;V;0;V;0;V;0;V;0;V
28;123;2;81;28123002_81_89;2026;07;03;3,6;V;3;V;2,7;V;2,7;V;2,5;V;2,1;V;3;V;2,6;V;1,9;V;1,9;V;1,5;V;1,5;V;1,3;V;1,6;V;1,4;V;1,4;V;1,2;V;0,9;V;0,7;V;0,4;V;0,3;V;0,3;V;2,8;V;2,8;V
28;123;2;82;28123002_82_89;2026;07;03;57;V;56;V;61;V;47;V;57;V;104;V;58;V;68;V;86;V;84;V;20;V;166;V;157;V;158;V;120;V;118;V;243;V;302;V;247;V;241;V;63;V;54;V;55;V;59;V
28;123;2;83;28123002_83_89;2026;07;03;20,2;V;19,2;V;18,3;V;17,2;V;16,7;V;16,8;V;17,9;V;20,4;V;24,3;V;28;V;31,3;V;32,9;V;34,5;V;35,3;V;36,5;V;36,9;V;36,5;V;36,9;V;36,1;V;31,5;V;27,2;V;25,3;V;26;V;24,5;V
28;123;2;86;28123002_86_89;2026;07;03;33;V;36;V;38;V;40;V;42;V;42;V;40;V;36;V;30;V;23;V;18;V;17;V;13;V;11;V;10;V;10;V;9;V;8;V;8;V;14;V;23;V;26;V;20;V;29;V
28;123;2;87;28123002_87_89;2026;07;03;954;V;954;V;954;V;954;V;954;V;954;V;954;V;955;V;955;V;954;V;954;V;954;V;954;V;953;V;952;V;952;V;952;V;951;V;951;V;952;V;952;V;952;V;953;V;953;V
28;123;2;88;28123002_88_89;2026;07;03;13;V;13;V;14;V;14;V;14;V;74;V;256;V;351;V;646;V;811;V;931;V;1004;V;1024;V;991;V;902;V;758;V;586;V;398;V;206;V;30;V;13;V;13;V;13;V;13;V
28;123;2;89;28123002_89_89;2026;07;03;0;V;0;V;0;V;0;V;0;V;0;V;0;V;0;V;0;V;0;V;0;V;0;V;0;V;0;V;0;V;0;V;0;V;0;V;0;V;0;V;0;V;0;V;0;V;0;V
28;127;4;81;28127004_81_89;2026;07;03;1,1;V;1,3;V;1,4;V;1,5;V;0,9;V;0,7;V;0,8;V;1,6;V;1,1;V;0,9;V;0,6;V;0,8;V;1;V;0,8;V;1,1;V;0,9;V;0,8;V;0,6;V;0,7;V;0,3;V;0,1;V;0,6;V;0,7;V;1,2;V
28;127;4;82;28127004_82_89;2026;07;03;90;V;71;V;63;V;69;V;47;V;54;V;77;V;72;V;74;V;70;V;98;V;94;V;143;V;179;V;157;V;144;V;98;V;53;V;130;V;132;V;124;V;26;V;50;V;67;V
28;127;4;83;28127004_83_89;2026;07;03;22,5;V;21,3;V;20,5;V;19,8;V;19,5;V;19,7;V;21,1;V;22,8;V;25,5;V;27,8;V;29,4;V;30,9;V;32;V;33,4;V;34,2;V;34,9;V;34,9;V;35,2;V;34;V;32,2;V;29,1;V;27,9;V;27,9;V;26,8;V
28;127;4;86;28127004_86_89;2026;07;03;30;V;35;V;36;V;36;V;36;V;35;V;36;V;34;V;31;V;27;V;26;V;23;V;19;V;17;V;15;V;13;V;14;V;13;V;13;V;15;V;18;V;18;V;22;V;29;V
28;127;4;87;28127004_87_89;2026;07;03;940;V;940;V;941;V;940;V;940;V;941;V;941;V;941;V;941;V;941;V;941;V;941;V;940;V;940;V;939;V;939;V;938;V;938;V;938;V;938;V;939;V;939;V;940;V;940;V
28;127;4;88;28127004_88_89;2026;07;03;1;V;1;V;1;V;1;V;2;V;18;V;213;V;422;V;604;V;753;V;858;V;922;V;941;V;911;V;836;V;714;V;547;V;354;V;163;V;19;V;1;V;1;V;1;V;1;V
28;127;4;89;28127004_89_89;2026;07;03;0;V;0;V;0;V;0;V;0;V;0;V;0;V;0;V;0;V;0;V;0;V;0;V;0;V;0;V;0;V;0;V;0;V;0;V;0;V;0;V;0;V;0;V;0;V;0;V
28;13;2;81;28013002_81_89;2026;07;03;0,9;V;0,7;V;1;V;0,8;V;1,1;V;1,4;V;1,9;V;1,7;V;1,9;V;2,5;V;2,6;V;2,1;V;1,6;V;1,9;V;1,6;V;1,6;V;1,4;V;1,2;V;0,9;V;0,2;V;0,5;V;0,6;V;0,3;V;0,7;V
28;13;2;82;28013002_82_89;2026;07;03;64;V;58;V;62;V;62;V;62;V;60;V;60;V;67;V;58;V;69;V;59;V;93;V;63;V;77;V;78;V;19;V;313;V;77;V;71;V;71;V;170;V;184;V;50;V;82;V
28;13;2;83;28013002_83_89;2026;07;03;25,3;V;24;V;23,1;V;21,8;V;20,7;V;20;V;21,2;V;23,8;V;26,9;V;30,4;V;32,4;V;34,1;V;35,4;V;36,1;V;37,2;V;37,6;V;38;V;38,2;V;38,1;V;36,8;V;34,1;V;32,5;V;29,1;V;26,9;V
28;13;2;86;28013002_86_89;2026;07;03;40;V;43;V;45;V;48;V;53;V;56;V;53;V;46;V;41;V;29;V;27;V;23;V;21;V;20;V;19;V;18;V;18;V;17;V;18;V;20;V;20;V;21;V;28;V;30;V
28;13;2;87;28013002_87_89;2026;07;03;962;V;962;V;963;V;963;V;963;V;963;V;963;V;964;V;963;V;963;V;963;V;963;V;962;V;962;V;961;V;961;V;960;V;960;V;960;V;960;V;961;V;961;V;961;V;962;V
28;13;2;88;28013002_88_89;2026;07;03;0;V;0;V;0;V;0;V;0;V;25;V;145;V;390;V;599;V;789;V;929;V;1023;V;1054;V;1022;V;928;V;784;V;596;V;382;V;166;V;20;V;0;V;0;V;0;V;0;V
28;13;2;89;28013002_89_89;2026;07;03;0;V;0;V;0;V;0;V;0;V;0;V;0;V;0;V;0;V;0;V;0;V;0;V;0;V;0;V;0;V;0;V;0;V;0;V;0;V;0;V;0;V;0;V;0;V;0;V
28;133;2;81;28133002_81_89;2026;07;03;1,3;V;0,8;V;1,2;V;1,2;V;0,9;V;0,6;V;0,6;V;1;V;1,2;V;1,6;V;2;V;2;V;2;V;2,1;V;2,1;V;1,9;V;1,4;V;1,2;V;1,2;V;1;V;0,8;V;1,2;V;0,8;V;1,4;V
28;133;2;82;28133002_82_89;2026;07;03;302;V;118;V;298;V;310;V;301;V;83;V;132;V;147;V;225;V;149;V;140;V;150;V;170;V;193;V;153;V;154;V;188;V;150;V;207;V;242;V;262;V;287;V;213;V;255;V
28;133;2;83;28133002_83_89;2026;07;03;23,3;V;21,3;V;20,4;V;20,1;V;19,9;V;20,1;V;21,2;V;23,9;V;26,8;V;29,2;V;30,7;V;32,2;V;33,3;V;34,1;V;34,8;V;35,1;V;35,8;V;35,8;V;34,9;V;31,8;V;29,4;V;28,3;V;26,3;V;24,6;V
28;133;2;86;28133002_86_89;2026;07;03;45;V;48;V;43;V;46;V;55;V;56;V;57;V;50;V;39;V;27;V;21;V;19;V;16;V;16;V;15;V;16;V;14;V;13;V;17;V;23;V;26;V;26;V;32;V;36;V
28;133;2;87;28133002_87_89;2026;07;03;944;V;944;V;944;V;944;V;944;V;944;V;945;V;945;V;945;V;945;V;945;V;945;V;944;V;943;V;943;V;942;V;942;V;941;V;942;V;942;V;942;V;943;V;944;V;944;V
28;133;2;88;28133002_88_89;2026;07;03;4;V;4;V;4;V;4;V;5;V;74;V;253;V;449;V;640;V;801;V;922;V;984;V;993;V;946;V;847;V;701;V;533;V;336;V;156;V;19;V;3;V;4;V;4;V;4;V
28;133;2;89;28133002_89_89;2026;07;03;0;V;0;V;0;V;0;V;0;V;0;V;0;V;0;V;0;V;0;V;0;V;0;V;0;V;0;V;0;V;0;V;0;V;0;V;0;V;0;V;0;V;0;V;0;V;0;V
28;134;2;81;28134002_81_89;2026;07;03;1,3;V;0,3;V;0,4;V;0,1;V;0,1;V;0,1;V;0,3;V;0,4;V;0,5;V;0,7;V;1;V;1;V;0,8;V;0,7;V;0,9;V;1;V;0,9;V;0,7;V;0,3;V;0,2;V;0,1;V;0,1;V;0,2;V;0,2;V
28;134;2;82;28134002_82_89;2026;07;03;95;V;47;V;83;V;339;V;344;V;342;V;76;V;76;V;87;V;99;V;131;V;150;V;132;V;117;V;124;V;137;V;121;V;92;V;138;V;154;V;174;V;309;V;0;V;350;V
28;134;2;83;28134002_83_89;2026;07;03;21,4;V;19,5;V;19,4;V;15,8;V;13,7;V;14;V;20;V;23;V;25,2;V;28;V;29,1;V;30,5;V;31,9;V;32,8;V;33,5;V;34;V;34,1;V;34,1;V;34,2;V;28,7;V;21,5;V;20,8;V;23,7;V;22,6;V
28;134;2;86;28134002_86_89;2026;07;03;35;V;39;V;39;V;50;V;56;V;57;V;40;V;34;V;31;V;27;V;24;V;21;V;17;V;16;V;15;V;13;V;11;V;10;V;10;V;20;V;31;V;31;V;34;V;43;V
28;134;2;87;28134002_87_89;2026;07;03;945;V;946;V;946;V;946;V;946;V;946;V;946;V;946;V;946;V;946;V;946;V;946;V;945;V;945;V;944;V;944;V;943;V;943;V;943;V;943;V;944;V;945;V;945;V;945;V
28;134;2;88;28134002_88_89;2026;07;03;1;V;1;V;1;V;1;V;2;V;20;V;244;V;447;V;635;V;794;V;902;V;972;V;989;V;949;V;860;V;401;V;138;V;46;V;32;V;10;V;1;V;1;V;1;V;1;V
28;134;2;89;28134002_89_89;2026;07;03;0;V;0;V;0;V;0;V;0;V;0;V;0;V;0;V;0;V;0;V;0;V;0;V;0;V;0;V;0;V;0;V;0;V;0;V;0;V;0;V;0;V;0;V;0;V;0;V
28;14;2;81;28014002_81_89;2026;07;03;2,3;V;1,7;V;2,3;V;2;V;1,8;V;1,7;V;2,5;V;2,4;V;2,2;V;2,3;V;2,4;V;1,6;V;1,4;V;1,7;V;2,1;V;1,5;V;1,5;V;1,7;V;1,4;V;0,8;V;0,8;V;0,8;V;1,3;V;1,4;V
28;14;2;82;28014002_82_89;2026;07;03;78;V;126;V;132;V;131;V;158;V;123;V;192;V;265;V;287;V;281;V;327;V;72;V;239;V;284;V;264;V;216;V;254;V;297;V;255;V;201;V;175;V;167;V;43;V;167;V
28;14;2;83;28014002_83_89;2026;07;03;22,5;V;21,5;V;20,5;V;19,6;V;18,9;V;19,8;V;20,4;V;22,4;V;25,7;V;28,5;V;30,8;V;32,7;V;34,2;V;35;V;35,1;V;36,1;V;36,1;V;36,2;V;36,1;V;34,2;V;28,5;V;26,1;V;26,3;V;26;V
28;14;2;86;28014002_86_89;2026;07;03;37;V;40;V;42;V;45;V;47;V;44;V;44;V;40;V;32;V;26;V;20;V;15;V;14;V;14;V;14;V;12;V;12;V;12;V;11;V;13;V;20;V;22;V;22;V;24;V
28;14;2;87;28014002_87_89;2026;07;03;955;V;955;V;956;V;956;V;956;V;956;V;956;V;956;V;956;V;956;V;956;V;956;V;955;V;955;V;954;V;954;V;953;V;953;V;953;V;953;V;954;V;954;V;955;V;955;V
28;14;2;88;28014002_88_89;2026;07;03;1;V;1;V;1;V;1;V;1;V;30;V;209;V;423;V;632;V;821;V;963;V;1060;V;1089;V;1025;V;909;V;750;V;556;V;354;V;128;V;12;V;1;V;1;V;1;V;1;V
28;14;2;89;28014002_89_89;2026;07;03;0;V;0;V;0;V;0;V;0;V;0;V;0;V;0;V;0;V;0;V;0;V;0;V;0;V;0;V;0;V;0;V;0;V;0;V;0;V;0;V;0;V;0;V;0;V;0;V
28;148;4;81;28148004_81_89;2026;07;03;1,7;V;2,5;V;2,9;V;2,7;V;1,7;V;1,4;V;2,4;V;2,8;V;2;V;1,7;V;1,2;V;1,2;V;1,2;V;1,3;V;1,4;V;1;V;1,1;V;0,9;V;0,9;V;0,2;V;0,1;V;1,3;V;2,8;V;3;V
28;148;4;82;28148004_82_89;2026;07;03;75;V;56;V;51;V;52;V;62;V;90;V;55;V;56;V;59;V;66;V;115;V;101;V;142;V;114;V;122;V;185;V;242;V;175;V;188;V;216;V;312;V;49;V;53;V;55;V
28;148;4;83;28148004_83_89;2026;07;03;23,6;V;22,6;V;22;V;21,1;V;20,3;V;19,8;V;21,3;V;23,6;V;26,7;V;30,2;V;32,9;V;34,6;V;36,2;V;37;V;37,5;V;38,6;V;38,5;V;37,8;V;36,3;V;34;V;31,2;V;30,3;V;29,4;V;27,8;V
28;148;4;86;28148004_86_89;2026;07;03;68;V;59;V;55;V;56;V;58;V;64;V;59;V;60;V;62;V;65;V;85;V;80;V;84;V;83;V;87;V;96;V;99;V;97;V;99;V;100;V;86;V;60;V;58;V;59;V
28;148;4;87;28148004_87_89;2026;07;03;960;V;960;V;960;V;960;V;960;V;960;V;961;V;962;V;962;V;962;V;963;V;963;V;962;V;961;V;960;V;960;V;960;V;959;V;959;V;959;V;959;V;959;V;960;V;960;V
28;148;4;88;28148004_88_89;2026;07;03;15;V;15;V;15;V;15;V;17;V;79;V;287;V;499;V;689;V;849;V;976;V;1058;V;1078;V;1031;V;932;V;781;V;600;V;400;V;118;V;31;V;17;V;16;V;16;V;16;V
28;148;4;89;28148004_89_89;2026;07;03;0;V;0;V;0;V;0;V;0;V;0;V;0;V;0;V;0;V;0;V;0;V;0;V;0;V;0;V;0;V;0;V;0;V;0;V;0;V;0;V;0;V;0;V;0;V;0;V
28;16;1;81;28016001_81_89;2026;07;03;1,8;V;1,5;V;1,5;V;1,6;V;2,6;V;3,8;V;2,6;V;1,2;V;1,3;V;2,3;V;2,6;V;2,7;V;2,6;V;2,4;V;3;V;2,2;V;2,5;V;1,9;V;2,3;V;2,3;V;2,4;V;1,8;V;1,4;V;1,6;V
28;16;1;82;28016001_82_89;2026;07;03;60;V;85;V;93;V;244;V;289;V;278;V;239;V;125;V;75;V;89;V;83;V;89;V;79;V;83;V;99;V;107;V;92;V;89;V;100;V;122;V;169;V;86;V;83;V;226;V
28;16;1;83;28016001_83_89;2026;07;03;21,4;V;19,9;V;18,5;V;17,3;V;15,5;V;17,1;V;17,4;V;21,3;V;24,1;V;25,7;V;27,4;V;29;V;29,8;V;31;V;31,3;V;31,8;V;31,7;V;31,5;V;31;V;30,2;V;28,4;V;26,7;V;25,1;V;23,6;V
28;16;1;86;28016001_86_89;2026;07;03;29;V;34;V;37;V;50;V;60;V;45;V;51;V;38;V;31;V;32;V;32;V;27;V;24;V;22;V;21;V;18;V;19;V;19;V;18;V;18;V;23;V;28;V;34;V;36;V
28;16;1;87;28016001_87_89;2026;07;03;908;V;908;V;908;V;908;V;908;V;908;V;909;V;909;V;909;V;909;V;909;V;909;V;909;V;908;V;908;V;907;V;907;V;907;V;907;V;907;V;908;V;909;V;909;V;909;V
28;16;1;88;28016001_88_89;2026;07;03;0;V;0;V;0;V;0;V;1;V;28;V;163;V;363;V;553;V;729;V;872;V;973;V;1013;V;976;V;880;V;740;V;557;V;345;V;138;V;18;V;0;V;0;V;0;V;0;V
28;16;1;89;28016001_89_89;2026;07;03;0;V;0;V;0;V;0;V;0;V;0;V;0;V;0;V;0;V;0;V;0;V;0;V;0;V;0;V;0;V;0;V;0;V;0;V;0;V;0;V;0;V;0;V;0;V;0;V
28;161;1;81;28161001_81_89;2026;07;03;3,8;V;3;V;3,4;V;2,2;V;2,2;V;1,7;V;2,8;V;2,6;V;2,7;V;2,3;V;2,4;V;2,1;V;2,1;V;2;V;1,3;V;1,2;V;1,6;V;1;V;1,1;V;0,7;V;1,3;V;0,5;V;0,8;V;2,2;V
28;161;1;82;28161001_82_89;2026;07;03;57;V;57;V;56;V;66;V;66;V;65;V;63;V;62;V;60;V;81;V;112;V;136;V;199;V;157;V;143;V;330;V;74;V;168;V;102;V;197;V;260;V;230;V;30;V;54;V
28;161;1;83;28161001_83_89;2026;07;03;24;V;23,1;V;22,3;V;21,4;V;20,6;V;20,6;V;21,8;V;24,1;V;27;V;30,4;V;32,5;V;34,2;V;35,2;V;36,3;V;37,6;V;38,1;V;37,5;V;38,3;V;37,7;V;35,7;V;31,5;V;29,9;V;28,6;V;28,6;V
28;161;1;86;28161001_86_89;2026;07;03;43;V;45;V;47;V;49;V;51;V;51;V;50;V;45;V;40;V;31;V;25;V;21;V;20;V;19;V;18;V;17;V;17;V;16;V;16;V;18;V;21;V;24;V;26;V;29;V
28;161;1;87;28161001_87_89;2026;07;03;951;V;951;V;952;V;952;V;952;V;952;V;953;V;953;V;953;V;952;V;952;V;952;V;951;V;951;V;950;V;950;V;949;V;949;V;949;V;949;V;950;V;950;V;951;V;951;V
28;161;1;88;28161001_88_89;2026;07;03;1;V;1;V;1;V;1;V;4;V;152;V;392;V;608;V;792;V;932;V;1009;V;1035;V;1006;V;925;V;800;V;641;V;420;V;279;V;93;V;12;V;1;V;1;V;1;V;1;V
28;161;1;89;28161001_89_89;2026;07;03;0;V;0;V;0;V;0;V;0;V;0;V;0;V;0;V;0;V;0;V;0;V;0;V;0;V;0;V;0;V;0;V;0;V;0;V;0;V;0;V;0;V;0;V;0;V;0;V
28;171;1;81;28171001_81_89;2026;07;03;1,9;V;1,8;V;2,5;V;2,1;V;2,1;V;1,9;V;3;V;3,4;V;2,6;V;2,4;V;2,2;V;1,8;V;1,5;V;1,5;V;1,1;V;1,2;V;1;V;0,9;V;0,3;V;0,3;V;0,3;V;0,7;V;0,9;V;1,5;V
28;171;1;82;28171001_82_89;2026;07;03;47;V;43;V;46;V;49;V;53;V;51;V;53;V;56;V;58;V;76;V;91;V;106;V;117;V;142;V;98;V;109;V;130;V;179;V;138;V;202;V;329;V;49;V;38;V;44;V
28;171;1;83;28171001_83_89;2026;07;03;22,6;V;21,7;V;21,7;V;21,2;V;20,2;V;20,2;V;22,3;V;24,6;V;27,5;V;30;V;32,2;V;33,7;V;35,2;V;35,8;V;36,3;V;36,6;V;37,3;V;36,1;V;34,6;V;31,3;V;27,1;V;24,3;V;23,3;V;23,2;V
28;171;1;86;28171001_86_89;2026;07;03;28;V;29;V;30;V;32;V;34;V;34;V;30;V;27;V;24;V;20;V;12;V;9;V;9;V;9;V;8;V;8;V;7;V;7;V;12;V;17;V;21;V;25;V;28;V;28;V
28;171;1;87;28171001_87_89;2026;07;03;960;V;959;V;959;V;960;V;960;V;960;V;960;V;960;V;960;V;960;V;960;V;960;V;961;V;962;V;961;V;960;V;960;V;960;V;960;V;960;V;960;V;961;V;961;V;961;V
28;171;1;88;28171001_88_89;2026;07;03;2;V;2;V;2;V;2;V;2;V;46;V;214;V;410;V;602;V;772;V;902;V;983;V;1004;V;965;V;877;V;733;V;562;V;367;V;172;V;21;V;2;V;2;V;2;V;2;V
28;171;1;89;28171001_89_89;2026;07;03;0;V;0;V;0;V;0;V;0;V;0;V;0;V;0;V;0;V;0;V;0;V;0;V;0;V;0;V;0;V;0;V;0;V;0;V;0;V;0;V;0;V;0;V;0;V;0;V
28;180;1;81;28180001_81_89;2026;07;03;0,7;V;0,7;V;0,9;V;1;V;0,6;V;0,6;V;1;V;0,8;V;1,2;V;1,2;V;1,1;V;1;V;1;V;0,8;V;1;V;0,9;V;0,8;V;0,5;V;0,2;V;0,2;V;0,2;V;0,1;V;0,2;V;0,3;V
28;180;1;82;28180001_82_89;2026;07;03;171;V;246;V;268;V;235;V;245;V;283;V;242;V;263;V;86;V;91;V;93;V;101;V;123;V;20;V;129;V;285;V;313;V;259;V;175;V;185;V;195;V;182;V;331;V;353;V
28;180;1;83;28180001_83_89;2026;07;03;21,6;V;20,9;V;19,8;V;18,8;V;18,3;V;18,7;V;20,8;V;23,3;V;26,7;V;29;V;30,5;V;31,9;V;33;V;34,2;V;35,1;V;35,3;V;35,4;V;35,9;V;37;V;33,2;V;29;V;27,1;V;26,6;V;25,9;V
28;180;1;86;28180001_86_89;2026;07;03;39;V;41;V;45;V;47;V;49;V;48;V;43;V;38;V;27;V;17;V;18;V;18;V;15;V;14;V;12;V;12;V;11;V;11;V;10;V;14;V;17;V;19;V;20;V;21;V
28;180;1;87;28180001_87_89;2026;07;03;937;V;937;V;937;V;937;V;938;V;938;V;938;V;938;V;939;V;939;V;939;V;938;V;938;V;937;V;937;V;936;V;936;V;936;V;936;V;936;V;936;V;937;V;937;V;937;V
28;180;1;88;28180001_88_89;2026;07;03;1;V;1;V;1;V;1;V;2;V;54;V;254;V;460;V;656;V;820;V;933;V;994;V;1010;V;967;V;870;V;723;V;539;V;334;V;137;V;18;V;1;V;1;V;1;V;1;V
28;180;1;89;28180001_89_89;2026;07;03;0;V;0;V;0;V;0;V;0;V;0;V;0;V;0;V;0;V;0;V;0;V;0;V;0;V;0;V;0;V;0;V;0;V;0;V;0;V;0;V;0;V;0;V;0;V;0;V
28;45;2;81;28045002_81_89;2026;07;03;2,3;V;2;V;1,6;V;0,7;V;1;V;0,4;V;0,9;V;2,4;V;1,3;V;1;V;1,1;V;1,3;V;1,5;V;1,4;V;1,5;V;1,5;V;1,1;V;1,1;V;1,3;V;0,9;V;0,8;V;1,5;V;2;V;1,8;V
28;45;2;82;28045002_82_89;2026;07;03;50;V;52;V;46;V;303;V;310;V;311;V;65;V;60;V;77;V;154;V;126;V;154;V;135;V;149;V;125;V;130;V;122;V;112;V;150;V;147;V;175;V;164;V;41;V;46;V
28;45;2;83;28045002_83_89;2026;07;03;20,6;V;19,8;V;19,1;V;18,8;V;17,7;V;19,3;V;21,3;V;22,8;V;24,6;V;26;V;27,5;V;28,7;V;30,2;V;31,2;V;31,9;V;32,7;V;33,1;V;33,4;V;32,5;V;31,4;V;29,6;V;28,3;V;26,7;V;25,5;V
28;45;2;86;28045002_86_89;2026;07;03;34;V;36;V;38;V;38;V;40;V;38;V;36;V;34;V;33;V;33;V;31;V;29;V;26;V;23;V;22;V;20;V;19;V;18;V;19;V;19;V;22;V;28;V;31;V;36;V
28;45;2;87;28045002_87_89;2026;07;03;923;V;923;V;923;V;923;V;923;V;923;V;924;V;925;V;925;V;925;V;925;V;924;V;923;V;923;V;922;V;922;V;922;V;922;V;922;V;922;V;922;V;922;V;923;V;923;V
28;45;2;88;28045002_88_89;2026;07;03;1;V;1;V;1;V;1;V;3;V;34;V;125;V;409;V;652;V;856;V;1014;V;1118;V;1168;V;1122;V;1001;V;829;V;616;V;391;V;93;V;31;V;1;V;1;V;1;V;1;V
28;45;2;89;28045002_89_89;2026;07;03;0;V;0;V;0;V;0;V;0;V;0;V;0;V;0;V;0;V;0;V;0;V;0;V;0;V;0;V;0;V;0;V;0;V;0;V;0;V;0;V;0;V;0;V;0;V;0;V
28;47;2;81;28047002_81_89;2026;07;03;0,6;V;0,5;V;0,5;V;0,5;V;0,3;V;0,3;V;0,1;V;0,3;V;0,6;V;0,7;V;1,1;V;1,1;V;1,4;V;1,4;V;1,6;V;1,5;V;1,3;V;1,1;V;0,8;V;0,7;V;0,4;V;0,6;V;0,4;V;0,5;V
28;47;2;82;28047002_82_89;2026;07;03;73;V;55;V;101;V;99;V;54;V;63;V;67;V;48;V;67;V;72;V;68;V;66;V;64;V;88;V;74;V;86;V;77;V;95;V;92;V;142;V;185;V;139;V;35;V;87;V
28;47;2;83;28047002_83_89;2026;07;03;20,3;V;19;V;17,7;V;16,2;V;16,3;V;17,1;V;20;V;25,1;V;26,8;V;28,8;V;29,9;V;31,4;V;32,5;V;33;V;33,5;V;33,7;V;34;V;34,1;V;32,5;V;31;V;27,6;V;25,4;V;24;V;23,6;V
28;47;2;86;28047002_86_89;2026;07;03;44;V;43;V;45;V;49;V;46;V;43;V;38;V;28;V;26;V;26;V;27;V;25;V;23;V;21;V;20;V;19;V;18;V;17;V;19;V;22;V;31;V;32;V;33;V;34;V
28;47;2;87;28047002_87_89;2026;07;03;925;V;925;V;925;V;925;V;925;V;925;V;925;V;926;V;926;V;925;V;925;V;925;V;925;V;924;V;924;V;923;V;923;V;923;V;923;V;923;V;924;V;924;V;925;V;925;V
28;47;2;88;28047002_88_89;2026;07;03;0;V;0;V;0;V;0;V;1;V;55;V;234;V;425;V;667;V;857;V;1006;V;1098;V;1123;V;1087;V;982;V;828;V;623;V;398;V;152;V;27;V;0;V;0;V;0;V;0;V
28;47;2;89;28047002_89_89;2026;07;03;0;V;0;V;0;V;0;V;0;V;0;V;0;V;0;V;0;V;0;V;0;V;0;V;0;V;0;V;0;V;0;V;0;V;0;V;0;V;0;V;0;V;0;V;0;V;0;V
28;49;3;81;28049003_81_89;2026;07;03;0,3;V;0,3;V;0,3;V;0,3;V;0,3;V;0,4;V;0,4;V;0,3;V;0,4;V;0,4;V;0,4;V;0,4;V;0,8;V;0,5;V;0,6;V;0,6;V;0,4;V;0,4;V;0,3;V;0,3;V;0,3;V;0,3;V;0,3;V;0,3;V
28;49;3;82;28049003_82_89;2026;07;03;0;V;112;V;62;V;50;V;19;V;314;V;70;V;79;V;95;V;54;V;74;V;217;V;265;V;264;V;192;V;178;V;24;V;52;V;65;V;232;V;240;V;308;V;87;V;79;V
28;49;3;83;28049003_83_89;2026;07;03;22,2;V;21,3;V;20,6;V;20;V;19,4;V;19,3;V;20,2;V;22,3;V;26,1;V;29,8;V;32,4;V;34,2;V;34,6;V;37,3;V;37,8;V;37,9;V;38,9;V;39,7;V;38,9;V;34,3;V;29,9;V;28,2;V;27,7;V;26,2;V
28;49;3;86;28049003_86_89;2026;07;03;38;V;39;V;41;V;42;V;44;V;44;V;44;V;40;V;33;V;26;V;21;V;20;V;17;V;13;V;12;V;12;V;11;V;10;V;10;V;14;V;21;V;23;V;25;V;37;V
28;49;3;87;28049003_87_89;2026;07;03;954;V;954;V;955;V;955;V;955;V;956;V;956;V;956;V;956;V;955;V;954;V;954;V;953;V;952;V;951;V;950;V;950;V;948;V;949;V;950;V;951;V;952;V;953;V;954;V
28;49;3;88;28049003_88_89;2026;07;03;0;V;0;V;0;V;0;V;0;V;14;V;57;V;328;V;681;V;861;V;1002;V;1092;V;1123;V;1085;V;984;V;831;V;634;V;423;V;205;V;26;V;0;V;0;V;0;V;0;V
28;49;3;89;28049003_89_89;2026;07;03;0;V;0;V;0;V;0;V;0;V;0;V;0;V;0;V;0;V;0;V;0;V;0;V;0;V;0;V;0;V;0;V;0;V;0;V;0;V;0;V;0;V;0;V;0;V;0;V
28;5;2;81;28005002_81_89;2026;07;03;1,2;V;1,3;V;1,2;V;1;V;1,3;V;1,4;V;1,2;V;1,3;V;1,3;V;1,2;V;0,9;V;0,5;V;0,5;V;1;V;0,8;V;0,8;V;0,7;V;0,3;V;0,2;V;0,1;V;0,2;V;0,9;V;1,2;V;1,4;V
28;5;2;82;28005002_82_89;2026;07;03;54;V;56;V;55;V;48;V;57;V;43;V;43;V;37;V;43;V;48;V;11;V;300;V;339;V;56;V;16;V;338;V;331;V;270;V;283;V;229;V;134;V;45;V;55;V;55;V
28;5;2;83;28005002_83_89;2026;07;03;22,4;V;21,3;V;20,4;V;19,5;V;18,8;V;18,8;V;20;V;22,2;V;24,9;V;27,8;V;30,1;V;32,2;V;33,5;V;33,5;V;34,7;V;35,4;V;35,4;V;35,4;V;34,9;V;33;V;30,4;V;28,8;V;27,8;V;26;V
28;5;2;86;28005002_86_89;2026;07;03;41;V;44;V;46;V;49;V;51;V;51;V;49;V;45;V;40;V;33;V;29;V;27;V;24;V;23;V;21;V;19;V;18;V;17;V;17;V;21;V;24;V;25;V;31;V;40;V
28;5;2;87;28005002_87_89;2026;07;03;961;V;962;V;962;V;962;V;962;V;962;V;962;V;962;V;962;V;962;V;962;V;961;V;961;V;960;V;960;V;959;V;959;V;959;V;959;V;959;V;959;V;960;V;961;V;961;V
28;5;2;88;28005002_88_89;2026;07;03;0;V;0;V;0;V;0;V;1;V;37;V;169;V;377;V;570;V;748;V;881;V;987;V;1027;V;994;V;904;V;760;V;343;V;29;V;22;V;8;V;0;V;0;V;0;V;0;V
28;5;2;89;28005002_89_89;2026;07;03;0;V;0;V;0;V;0;V;0;V;0;V;0;V;0;V;0;V;0;V;0;V;0;V;0;V;0;V;0;V;0;V;0;V;0;V;0;V;0;V;0;V;0;V;0;V;0;V
28;58;4;81;28058004_81_89;2026;07;03;2,8;V;2,5;V;2,4;V;2,4;V;2,2;V;2,2;V;2,3;V;2,4;V;2,6;V;2,6;V;2,6;V;2,4;V;1,8;V;2;V;1,5;V;1,8;V;1,9;V;1,5;V;1,3;V;0,9;V;0,8;V;0,5;V;1,7;V;1,8;V
28;58;4;82;28058004_82_89;2026;07;03;224;V;208;V;229;V;174;V;168;V;208;V;164;V;197;V;143;V;69;V;58;V;47;V;96;V;83;V;231;V;56;V;130;V;67;V;54;V;139;V;209;V;224;V;280;V;225;V
28;58;4;83;28058004_83_89;2026;07;03;22,3;V;21,5;V;20,8;V;20,2;V;19,7;V;19,7;V;21,9;V;24,1;V;27,2;V;30,1;V;31,5;V;33,1;V;34,8;V;35,6;V;36,9;V;36,5;V;35,7;V;34,8;V;33;V;31,8;V;30;V;29,4;V;28,5;V;27,1;V
28;58;4;86;28058004_86_89;2026;07;03;30;V;31;V;33;V;34;V;35;V;36;V;32;V;29;V;25;V;20;V;15;V;14;V;13;V;11;V;10;V;9;V;9;V;9;V;9;V;11;V;13;V;14;V;16;V;20;V
28;58;4;87;28058004_87_89;2026;07;03;946;V;946;V;947;V;946;V;947;V;947;V;947;V;947;V;948;V;948;V;947;V;947;V;947;V;946;V;946;V;945;V;945;V;945;V;944;V;944;V;945;V;945;V;946;V;946;V
28;58;4;88;28058004_88_89;2026;07;03;1;V;2;V;2;V;2;V;2;V;47;V;198;V;379;V;559;V;717;V;839;V;913;V;934;V;897;V;783;V;671;V;396;V;330;V;22;V;7;V;1;V;1;V;1;V;1;V
28;58;4;89;28058004_89_89;2026;07;03;0;V;0;V;0;V;0;V;0;V;0;V;0;V;0;V;0;V;0;V;0;V;0;V;0;V;0;V;0;V;0;V;0;V;0;V;0;V;0;V;0;V;0;V;0;V;0;V
28;6;4;81;28006004_81_89;2026;07;03;2,9;V;3,1;V;3;V;1,7;V;1,3;V;1,2;V;1,2;V;1,4;V;1,3;V;1,2;V;0,9;V;1,2;V;1,2;V;1,3;V;1,2;V;1,1;V;1;V;1,2;V;1,4;V;0,7;V;0,3;V;1,4;V;1,8;V;1,4;V
28;6;4;82;28006004_82_89;2026;07;03;92;V;89;V;86;V;85;V;102;V;89;V;87;V;90;V;89;V;85;V;104;V;173;V;194;V;169;V;148;V;123;V;174;V;134;V;174;V;168;V;286;V;82;V;98;V;93;V
28;6;4;83;28006004_83_89;2026;07;03;23,4;V;23;V;22,4;V;21,6;V;20,7;V;20,7;V;21,7;V;23,1;V;25,4;V;27,8;V;29,9;V;31,1;V;32,7;V;33,8;V;34,6;V;35,3;V;35,9;V;35,9;V;35,2;V;34,2;V;32,6;V;30,8;V;28,8;V;27,4;V
28;6;4;86;28006004_86_89;2026;07;03;37;V;37;V;38;V;40;V;42;V;42;V;42;V;40;V;36;V;32;V;28;V;27;V;23;V;21;V;19;V;16;V;15;V;14;V;13;V;14;V;18;V;20;V;30;V;38;V
28;6;4;87;28006004_87_89;2026;07;03;935;V;935;V;935;V;935;V;935;V;935;V;936;V;936;V;936;V;936;V;936;V;935;V;935;V;934;V;934;V;933;V;933;V;932;V;932;V;932;V;933;V;934;V;935;V;935;V
28;6;4;88;28006004_88_89;2026;07;03;4;V;4;V;4;V;4;V;6;V;44;V;90;V;313;V;542;V;767;V;814;V;916;V;1040;V;979;V;852;V;796;V;675;V;409;V;110;V;19;V;4;V;4;V;4;V;4;V
28;6;4;89;28006004_89_89;2026;07;03;0;V;0;V;0;V;0;V;0;V;0;V;0;V;0;V;0;V;0;V;0;V;0;V;0;V;0;V;0;V;0;V;0;V;0;V;0;V;0;V;0;V;0;V;0;V;0;V
28;65;14;81;28065014_81_89;2026;07;03;2;V;2;V;1,4;V;1,5;V;1,1;V;0,9;V;1,6;V;1,5;V;1,4;V;1;V;1;V;0,9;V;0,7;V;0,9;V;0,8;V;0,8;V;0,6;V;0,4;V;0,3;V;0,1;V;0,1;V;0,1;V;0,6;V;1,2;V
28;65;14;82;28065014_82_89;2026;07;03;92;V;97;V;99;V;87;V;104;V;114;V;86;V;74;V;95;V;97;V;103;V;146;V;165;V;119;V;161;V;166;V;120;V;140;V;188;V;186;V;217;V;231;V;105;V;95;V
28;65;14;83;28065014_83_89;2026;07;03;22,9;V;22,2;V;21,5;V;21;V;20,5;V;20,4;V;21,5;V;23,6;V;25,6;V;28,5;V;30,6;V;31,8;V;33,2;V;34,5;V;35,4;V;36,4;V;35,9;V;35,4;V;34,8;V;32,4;V;29,7;V;28,1;V;27,9;V;27,5;V
28;65;14;86;28065014_86_89;2026;07;03;34;V;35;V;37;V;39;V;40;V;41;V;39;V;35;V;32;V;26;V;19;V;19;V;17;V;15;V;13;V;13;V;12;V;11;V;12;V;16;V;21;V;25;V;23;V;28;V
28;65;14;87;28065014_87_89;2026;07;03;955;V;955;V;955;V;955;V;955;V;955;V;956;V;956;V;956;V;956;V;956;V;955;V;955;V;954;V;954;V;953;V;953;V;952;V;952;V;953;V;953;V;954;V;954;V;954;V
28;65;14;88;28065014_88_89;2026;07;03;0;V;0;V;0;V;0;V;0;V;11;V;100;V;366;V;592;V;792;V;949;V;1066;V;1118;V;1087;V;967;V;815;V;623;V;401;V;117;V;0;V;0;V;0;V;0;V;0;V
28;65;14;89;28065014_89_89;2026;07;03;0;V;0;V;0;V;0;V;0;V;0;V;0;V;0;V;0;V;0;V;0;V;0;V;0;V;0;V;0;V;0;V;0;V;0;V;0;V;0;V;0;V;0;V;0;V;0;V
28;67;1;81;28067001_81_89;2026;07;03;0,4;V;0,3;V;0,2;V;0,2;V;0,2;V;0,1;V;0,2;V;0,5;V;0,9;V;;N;;N;1,3;V;1,6;V;1,6;V;1,3;V;1,2;V;1,1;V;1,4;V;1,1;V;1,1;V;0,7;V;0,5;V;0,2;V;0,3;V
28;67;1;82;28067001_82_89;2026;07;03;317;V;162;V;68;V;266;V;166;V;139;V;153;V;47;V;100;V;;N;;N;113;V;87;V;109;V;83;V;132;V;128;V;145;V;155;V;298;V;305;V;194;V;2;V;338;V
28;67;1;83;28067001_83_89;2026;07;03;18,3;V;16,4;V;14,5;V;13,3;V;12,4;V;13,1;V;17,9;V;22,2;V;24,4;V;;N;;N;29,9;V;31,1;V;32,2;V;33;V;33,5;V;33,8;V;33,6;V;32,8;V;29,5;V;26,5;V;25,9;V;22,7;V;20,7;V
28;67;1;86;28067001_86_89;2026;07;03;43;V;48;V;52;V;55;V;57;V;56;V;46;V;37;V;33;V;;N;;N;29;V;25;V;22;V;20;V;20;V;19;V;19;V;21;V;27;V;32;V;34;V;41;V;45;V
28;67;1;87;28067001_87_89;2026;07;03;928;V;928;V;929;V;929;V;929;V;929;V;929;V;929;V;929;V;;N;;N;929;V;928;V;928;V;927;V;927;V;927;V;926;V;926;V;927;V;927;V;928;V;929;V;929;V
28;67;1;88;28067001_88_89;2026;07;03;1;V;1;V;1;V;1;V;1;V;27;V;148;V;399;V;618;V;;N;;N;1134;V;1192;V;1181;V;1082;V;911;V;701;V;470;V;229;V;26;V;1;V;1;V;1;V;1;V
28;67;1;89;28067001_89_89;2026;07;03;0;V;0;V;0;V;0;V;0;V;0;V;0;V;0;V;0;V;;N;;N;0;V;0;V;0;V;0;V;0;V;0;V;0;V;0;V;0;V;0;V;0;V;0;V;0;V
28;7;4;81;28007004_81_89;2026;07;03;3,6;V;3,2;V;3,4;V;3,4;V;2,9;V;2,5;V;3,1;V;2,9;V;3,1;V;2,7;V;2,5;V;2,2;V;2,2;V;2,3;V;2,1;V;2,2;V;2,1;V;2,1;V;1,6;V;1,4;V;1,3;V;1,1;V;2;V;2,4;V
28;7;4;82;28007004_82_89;2026;07;03;73;V;70;V;64;V;65;V;65;V;64;V;65;V;64;V;61;V;78;V;110;V;112;V;182;V;60;V;327;V;328;V;104;V;158;V;119;V;129;V;118;V;107;V;66;V;63;V
28;7;4;83;28007004_83_89;2026;07;03;25,6;V;24,8;V;24,1;V;23,4;V;23;V;22,7;V;24;V;25,8;V;28;V;30,5;V;32,7;V;34,4;V;35,7;V;36,7;V;37,6;V;37,9;V;38;V;37,7;V;37,5;V;35,8;V;34;V;33;V;31,4;V;29,8;V
28;7;4;86;28007004_86_89;2026;07;03;35;V;37;V;39;V;41;V;42;V;43;V;40;V;36;V;33;V;27;V;21;V;19;V;17;V;17;V;16;V;15;V;14;V;13;V;14;V;16;V;20;V;23;V;24;V;29;V
28;7;4;87;28007004_87_89;2026;07;03;940;V;941;V;941;V;941;V;941;V;941;V;941;V;943;V;941;V;941;V;942;V;941;V;942;V;941;V;940;V;942;V;940;V;939;V;939;V;940;V;940;V;940;V;942;V;941;V
28;7;4;88;28007004_88_89;2026;07;03;34;V;34;V;34;V;34;V;35;V;66;V;221;V;443;V;645;V;817;V;953;V;1038;V;1064;V;1026;V;926;V;790;V;613;V;413;V;211;V;59;V;33;V;33;V;34;V;34;V
28;7;4;89;28007004_89_89;2026;07;03;0;V;0;V;0;V;0;V;0;V;0;V;0;V;0;V;0;V;0;V;0;V;0;V;0;V;0;V;0;V;0;V;0;V;0;V;0;V;0;V;0;V;0;V;0;V;0;V
28;74;7;81;28074007_81_89;2026;07;03;2,5;V;2,4;V;2,1;V;2;V;1,7;V;1,5;V;1,9;V;1,7;V;2;V;1,9;V;1,6;V;1,5;V;1,4;V;1,7;V;1,5;V;1,7;V;1,4;V;1,1;V;0,8;V;0,5;V;0,5;V;0,4;V;1,1;V;1,5;V
28;74;7;82;28074007_82_89;2026;07;03;135;V;145;V;173;V;154;V;204;V;206;V;168;V;141;V;155;V;191;V;165;V;221;V;203;V;79;V;143;V;267;V;291;V;294;V;20;V;270;V;275;V;282;V;203;V;200;V
28;74;7;83;28074007_83_89;2026;07;03;25,3;V;24,3;V;23,7;V;23,2;V;22,8;V;23;V;24,4;V;26,2;V;28,8;V;31,8;V;34,4;V;36,4;V;37,5;V;38,1;V;38,8;V;38,5;V;38,6;V;38,4;V;38,9;V;34,9;V;31,3;V;29,9;V;29,8;V;29,7;V
28;74;7;86;28074007_86_89;2026;07;03;33;V;35;V;37;V;38;V;40;V;41;V;38;V;35;V;30;V;25;V;18;V;16;V;16;V;14;V;13;V;13;V;11;V;10;V;10;V;16;V;21;V;24;V;23;V;27;V
28;74;7;87;28074007_87_89;2026;07;03;953;V;953;V;953;V;952;V;952;V;953;V;953;V;953;V;953;V;953;V;954;V;954;V;954;V;953;V;953;V;952;V;952;V;952;V;952;V;951;V;951;V;951;V;952;V;952;V
28;74;7;88;28074007_88_89;2026;07;03;8;V;7;V;7;V;7;V;8;V;31;V;181;V;405;V;597;V;761;V;893;V;971;V;978;V;960;V;880;V;751;V;590;V;400;V;179;V;17;V;7;V;7;V;7;V;7;V
28;74;7;89;28074007_89_89;2026;07;03;0;V;0;V;0;V;0;V;0;V;0;V;0;V;0;V;0;V;0;V;0;V;0;V;0;V;0;V;0;V;0;V;0;V;0;V;0;V;0;V;0;V;0;V;0;V;0;V
28;80;3;81;28080003_81_89;2026;07;03;3,8;V;3,3;V;3,4;V;3,4;V;2,5;V;2,9;V;3,4;V;3,5;V;3,2;V;2,5;V;2,2;V;2;V;1,7;V;2;V;2,1;V;2,1;V;1,6;V;1,7;V;1,5;V;0,7;V;0,4;V;0,8;V;3;V;3,4;V
28;80;3;82;28080003_82_89;2026;07;03;66;V;62;V;54;V;63;V;80;V;70;V;67;V;67;V;76;V;94;V;132;V;150;V;137;V;94;V;185;V;133;V;169;V;133;V;140;V;165;V;255;V;250;V;75;V;57;V
28;80;3;83;28080003_83_89;2026;07;03;22,7;V;21,7;V;21;V;19,9;V;19,2;V;19,5;V;20,6;V;22,2;V;24,4;V;27;V;28,8;V;29,8;V;31,4;V;32,1;V;33,2;V;33,8;V;34,4;V;34,5;V;34;V;32,4;V;29,8;V;28,7;V;28,1;V;26,2;V
28;80;3;86;28080003_86_89;2026;07;03;37;V;39;V;41;V;43;V;43;V;43;V;43;V;42;V;39;V;34;V;30;V;28;V;26;V;24;V;22;V;21;V;20;V;20;V;20;V;21;V;24;V;26;V;28;V;38;V
28;80;3;87;28080003_87_89;2026;07;03;943;V;943;V;943;V;943;V;943;V;943;V;944;V;944;V;944;V;944;V;944;V;943;V;943;V;943;V;942;V;942;V;941;V;941;V;941;V;941;V;941;V;942;V;943;V;943;V
28;80;3;88;28080003_88_89;2026;07;03;1;V;1;V;1;V;1;V;1;V;36;V;221;V;430;V;629;V;804;V;935;V;810;V;803;V;743;V;634;V;533;V;496;V;296;V;83;V;6;V;1;V;1;V;1;V;1;V
28;80;3;89;28080003_89_89;2026;07;03;0;V;0;V;0;V;0;V;0;V;0;V;0;V;0;V;0;V;0;V;0;V;0;V;0;V;0;V;0;V;0;V;0;V;0;V;0;V;0;V;0;V;0;V;0;V;0;V
28;9;1;81;28009001_81_89;2026;07;03;3,7;V;3,5;V;3,1;V;2,8;V;1,9;V;0,7;V;1,1;V;1,7;V;0,6;V;0,6;V;0,6;V;0,5;V;0,9;V;0,7;V;0,6;V;0,4;V;0,5;V;0,4;V;0,3;V;0,1;V;0,1;V;2,6;V;4,8;V;3,8;V
28;9;1;82;28009001_82_89;2026;07;03;58;V;57;V;65;V;69;V;70;V;202;V;67;V;63;V;73;V;10;V;271;V;284;V;234;V;149;V;154;V;183;V;212;V;151;V;135;V;140;V;131;V;71;V;65;V;113;V
28;9;1;83;28009001_83_89;2026;07;03;20,3;V;19,5;V;19,1;V;18,8;V;18,4;V;18;V;19,7;V;21,9;V;24,2;V;26,4;V;28,3;V;29,5;V;30,9;V;32;V;33;V;34,2;V;34,6;V;34,5;V;34,1;V;32,6;V;31,2;V;28,4;V;26,2;V;24,6;V
28;9;1;86;28009001_86_89;2026;07;03;40;V;42;V;43;V;44;V;46;V;46;V;45;V;43;V;39;V;35;V;31;V;28;V;26;V;24;V;22;V;19;V;19;V;18;V;17;V;16;V;18;V;23;V;35;V;41;V
28;9;1;87;28009001_87_89;2026;07;03;943;V;942;V;943;V;943;V;943;V;943;V;943;V;943;V;943;V;943;V;943;V;943;V;942;V;942;V;941;V;941;V;940;V;940;V;940;V;940;V;941;V;942;V;942;V;942;V
28;9;1;88;28009001_88_89;2026;07;03;4;V;4;V;4;V;4;V;6;V;80;V;268;V;485;V;686;V;847;V;973;V;1050;V;1065;V;1027;V;932;V;782;V;597;V;397;V;188;V;32;V;3;V;3;V;4;V;4;V
28;9;1;89;28009001_89_89;2026;07;03;0;V;0;V;0;V;0;V;0;V;0;V;0;V;0;V;0;V;0;V;0;V;0;V;0;V;0;V;0;V;0;V;0;V;0;V;0;V;0;V;0;V;0;V;0;V;0;V
28;92;5;81;28092005_81_89;2026;07;03;1,6;V;1,5;V;1,5;V;1,5;V;1,3;V;1;V;1,2;V;1,2;V;1,4;V;1,2;V;1,5;V;1,5;V;1,4;V;1,1;V;1,2;V;1,5;V;1,3;V;0,9;V;0,7;V;0,8;V;0,8;V;0,5;V;1;V;0,9;V
28;92;5;82;28092005_82_89;2026;07;03;37;V;40;V;36;V;34;V;29;V;28;V;36;V;38;V;44;V;58;V;88;V;118;V;163;V;49;V;220;V;78;V;192;V;62;V;100;V;125;V;137;V;117;V;29;V;49;V
28;92;5;83;28092005_83_89;2026;07;03;24,6;V;23,8;V;23;V;22,2;V;21,6;V;21,2;V;21,6;V;24,6;V;28,8;V;31,7;V;33,3;V;34,8;V;36;V;38,1;V;37,8;V;37,7;V;37,7;V;37,5;V;35,9;V;32,9;V;30,5;V;29;V;28,2;V;28,3;V
28;92;5;86;28092005_86_89;2026;07;03;32;V;34;V;36;V;38;V;40;V;43;V;44;V;37;V;30;V;23;V;17;V;17;V;15;V;14;V;13;V;13;V;11;V;11;V;12;V;15;V;18;V;21;V;23;V;25;V
28;92;5;87;28092005_87_89;2026;07;03;947;V;947;V;947;V;947;V;947;V;947;V;948;V;948;V;948;V;948;V;948;V;948;V;948;V;948;V;947;V;947;V;947;V;947;V;947;V;946;V;946;V;947;V;947;V;947;V
28;92;5;88;28092005_88_89;2026;07;03;1;V;1;V;1;V;1;V;2;V;18;V;77;V;475;V;679;V;852;V;976;V;1046;V;1060;V;1016;V;915;V;772;V;598;V;396;V;192;V;32;V;0;V;0;V;1;V;0;V
28;92;5;89;28092005_89_89;2026;07;03;0;V;0;V;0;V;0;V;0;V;0;V;0;V;0;V;0;V;0;V;0;V;0;V;0;V;0;V;0;V;0;V;0;V;0;V;0;V;0;V;0;V;0;V;0;V;0;V
